track_id,pair_id,s3_url,http_url,is_parent,song_quantile
tracks/1lf2w4tlwe8,top_50_percent__1lf2w4tlwe8,s3://lucas-audiotool-tracks/mp3/38/c4/1lf2w4tlwe8.38c4130a.mp3,https://lucas-audiotool-tracks.s3.amazonaws.com/mp3/38/c4/1lf2w4tlwe8.38c4130a.mp3,True,top 50%
tracks/6knoyhtdeitz,top_50_percent__6knoyhtdeitz,s3://lucas-audiotool-tracks/mp3/61/60/6knoyhtdeitz.61603622.mp3,https://lucas-audiotool-tracks.s3.amazonaws.com/mp3/61/60/6knoyhtdeitz.61603622.mp3,True,top 50%
tracks/loner-bxw8nrcw,top_50_percent__loner-bxw8nrcw,s3://lucas-audiotool-tracks/mp3/45/39/loner-bxw8nrcw.45396a61.mp3,https://lucas-audiotool-tracks.s3.amazonaws.com/mp3/45/39/loner-bxw8nrcw.45396a61.mp3,True,top 50%
tracks/rg0uotknc,top_50_percent__rg0uotknc,s3://lucas-audiotool-tracks/mp3/b5/c3/rg0uotknc.b5c326a6.mp3,https://lucas-audiotool-tracks.s3.amazonaws.com/mp3/b5/c3/rg0uotknc.b5c326a6.mp3,True,top 50%
tracks/not_my_usual_style,top_50_percent__not_my_usual_style,s3://lucas-audiotool-tracks/mp3/69/56/not_my_usual_style.6956a5b6.mp3,https://lucas-audiotool-tracks.s3.amazonaws.com/mp3/69/56/not_my_usual_style.6956a5b6.mp3,True,top 50%
tracks/utwgb2xwtu,top_50_percent__utwgb2xwtu,s3://lucas-audiotool-tracks/mp3/93/d2/utwgb2xwtu.93d2d94f.mp3,https://lucas-audiotool-tracks.s3.amazonaws.com/mp3/93/d2/utwgb2xwtu.93d2d94f.mp3,True,top 50%
tracks/littelbeat-trap_beat,top_50_percent__littelbeat-trap_beat,s3://lucas-audiotool-tracks/mp3/35/0f/littelbeat-trap_beat.350f6ec4.mp3,https://lucas-audiotool-tracks.s3.amazonaws.com/mp3/35/0f/littelbeat-trap_beat.350f6ec4.mp3,True,top 50%
tracks/retro-1gm159,top_50_percent__retro-1gm159,s3://lucas-audiotool-tracks/mp3/b6/03/retro-1gm159.b6033612.mp3,https://lucas-audiotool-tracks.s3.amazonaws.com/mp3/b6/03/retro-1gm159.b6033612.mp3,True,top 50%
tracks/baby_waga_-_xkiluax,top_50_percent__baby_waga_-_xkiluax,s3://lucas-audiotool-tracks/mp3/4b/3e/baby_waga_-_xkiluax.4b3e4d69.mp3,https://lucas-audiotool-tracks.s3.amazonaws.com/mp3/4b/3e/baby_waga_-_xkiluax.4b3e4d69.mp3,True,top 50%
tracks/aaaaaaaaaaaaaaaaggggggghhhhhhhhhhhhhhhhhhhhhhhhhhhhhhhhhhhhhhhhhhhhhhhhhhhhhhhhhhhhhhhhhhhhhhhhhhhhhhhhhhhhhhhhhhhhhhhhhhhhhhh,top_50_percent__aaaaaaaaaaaaaaaaggggggghhhhhhhhhhhhhhhhhhhhhhhhhhhhhhhhhhhhhhhhhhhhhhhhhhhhhhhhhhhhhhhhhhhhhhhhhhhhhhhhhhhhhhhhhhhhhhhhhhhhhhh,s3://lucas-audiotool-tracks/mp3/fb/3b/aaaaaaaaaaaaaaaaggggggghhhhhhhhhhhhhhhhhhhhhhhhhhhhhhhhhhhhhhhhhhhhhhhhhhhhhhhhhhhhhhhhhhhhhhhhhhhhhhhhhhhhhhhhhhhhhhhhhhhhhhh.fb3b8744.mp3,https://lucas-audiotool-tracks.s3.amazonaws.com/mp3/fb/3b/aaaaaaaaaaaaaaaaggggggghhhhhhhhhhhhhhhhhhhhhhhhhhhhhhhhhhhhhhhhhhhhhhhhhhhhhhhhhhhhhhhhhhhhhhhhhhhhhhhhhhhhhhhhhhhhhhhhhhhhhhh.fb3b8744.mp3,True,top 50%
tracks/talking_child,top_50_percent__talking_child,s3://lucas-audiotool-tracks/mp3/05/8e/talking_child.058ed31e.mp3,https://lucas-audiotool-tracks.s3.amazonaws.com/mp3/05/8e/talking_child.058ed31e.mp3,True,top 50%
tracks/rash_edit,top_50_percent__rash_edit,s3://lucas-audiotool-tracks/mp3/8c/62/rash_edit.8c620018.mp3,https://lucas-audiotool-tracks.s3.amazonaws.com/mp3/8c/62/rash_edit.8c620018.mp3,True,top 50%
tracks/mix_2-rrmjzjic,top_50_percent__mix_2-rrmjzjic,s3://lucas-audiotool-tracks/mp3/40/82/mix_2-rrmjzjic.4082ceeb.mp3,https://lucas-audiotool-tracks.s3.amazonaws.com/mp3/40/82/mix_2-rrmjzjic.4082ceeb.mp3,True,top 50%
tracks/01htd4if,top_50_percent__01htd4if,s3://lucas-audiotool-tracks/mp3/eb/32/01htd4if.eb32cf58.mp3,https://lucas-audiotool-tracks.s3.amazonaws.com/mp3/eb/32/01htd4if.eb32cf58.mp3,True,top 50%
tracks/nu7d11mm,top_50_percent__nu7d11mm,s3://lucas-audiotool-tracks/mp3/f3/ad/nu7d11mm.f3ad7572.mp3,https://lucas-audiotool-tracks.s3.amazonaws.com/mp3/f3/ad/nu7d11mm.f3ad7572.mp3,True,top 50%
tracks/0oafsro28p6j,top_50_percent__0oafsro28p6j,s3://lucas-audiotool-tracks/mp3/da/a3/0oafsro28p6j.daa3ca83.mp3,https://lucas-audiotool-tracks.s3.amazonaws.com/mp3/da/a3/0oafsro28p6j.daa3ca83.mp3,True,top 50%
tracks/9osgiqq3,top_50_percent__9osgiqq3,s3://lucas-audiotool-tracks/mp3/e9/b2/9osgiqq3.e9b212c7.mp3,https://lucas-audiotool-tracks.s3.amazonaws.com/mp3/e9/b2/9osgiqq3.e9b212c7.mp3,True,top 50%
tracks/boop_wip_beep,top_50_percent__boop_wip_beep,s3://lucas-audiotool-tracks/mp3/f0/58/boop_wip_beep.f058aebf.mp3,https://lucas-audiotool-tracks.s3.amazonaws.com/mp3/f0/58/boop_wip_beep.f058aebf.mp3,True,top 50%
tracks/trance_kill,top_50_percent__trance_kill,s3://lucas-audiotool-tracks/mp3/0f/40/trance_kill.0f401b0b.mp3,https://lucas-audiotool-tracks.s3.amazonaws.com/mp3/0f/40/trance_kill.0f401b0b.mp3,True,top 50%
tracks/3cwqpxssh,top_50_percent__3cwqpxssh,s3://lucas-audiotool-tracks/mp3/71/03/3cwqpxssh.71030438.mp3,https://lucas-audiotool-tracks.s3.amazonaws.com/mp3/71/03/3cwqpxssh.71030438.mp3,True,top 50%
tracks/smash_the_bass,top_50_percent__smash_the_bass,s3://lucas-audiotool-tracks/mp3/67/10/smash_the_bass.671028cd.mp3,https://lucas-audiotool-tracks.s3.amazonaws.com/mp3/67/10/smash_the_bass.671028cd.mp3,True,top 50%
tracks/dj_euroman_eurodance_megamix_vol_12,top_50_percent__dj_euroman_eurodance_megamix_vol_12,s3://lucas-audiotool-tracks/mp3/7c/10/dj_euroman_eurodance_megamix_vol_12.7c10a01c.mp3,https://lucas-audiotool-tracks.s3.amazonaws.com/mp3/7c/10/dj_euroman_eurodance_megamix_vol_12.7c10a01c.mp3,True,top 50%
tracks/speaker_knockerz_r_i_p-29lzitrv,top_50_percent__speaker_knockerz_r_i_p-29lzitrv,s3://lucas-audiotool-tracks/mp3/21/23/speaker_knockerz_r_i_p-29lzitrv.21236240.mp3,https://lucas-audiotool-tracks.s3.amazonaws.com/mp3/21/23/speaker_knockerz_r_i_p-29lzitrv.21236240.mp3,True,top 50%
tracks/doubletriplebossydeluxe,top_50_percent__doubletriplebossydeluxe,s3://lucas-audiotool-tracks/mp3/00/ba/doubletriplebossydeluxe.00ba3bec.mp3,https://lucas-audiotool-tracks.s3.amazonaws.com/mp3/00/ba/doubletriplebossydeluxe.00ba3bec.mp3,True,top 50%
tracks/xavs_track_in_progress,top_50_percent__xavs_track_in_progress,s3://lucas-audiotool-tracks/mp3/1c/f4/xavs_track_in_progress.1cf49528.mp3,https://lucas-audiotool-tracks.s3.amazonaws.com/mp3/1c/f4/xavs_track_in_progress.1cf49528.mp3,True,top 50%
tracks/lhosix9ai,top_50_percent__lhosix9ai,s3://lucas-audiotool-tracks/mp3/63/e8/lhosix9ai.63e89dbc.mp3,https://lucas-audiotool-tracks.s3.amazonaws.com/mp3/63/e8/lhosix9ai.63e89dbc.mp3,True,top 50%
tracks/bling_bling_king,top_50_percent__bling_bling_king,s3://lucas-audiotool-tracks/mp3/7b/71/bling_bling_king.7b714320.mp3,https://lucas-audiotool-tracks.s3.amazonaws.com/mp3/7b/71/bling_bling_king.7b714320.mp3,True,top 50%
tracks/123-7ikswpsf,top_50_percent__123-7ikswpsf,s3://lucas-audiotool-tracks/mp3/8a/dc/123-7ikswpsf.8adc4c2e.mp3,https://lucas-audiotool-tracks.s3.amazonaws.com/mp3/8a/dc/123-7ikswpsf.8adc4c2e.mp3,True,top 50%
tracks/psycho_pass_remake,top_50_percent__psycho_pass_remake,s3://lucas-audiotool-tracks/mp3/8f/ad/psycho_pass_remake.8fad33e1.mp3,https://lucas-audiotool-tracks.s3.amazonaws.com/mp3/8f/ad/psycho_pass_remake.8fad33e1.mp3,True,top 50%
tracks/xanny_phantom-spis8uq0c,top_50_percent__xanny_phantom-spis8uq0c,s3://lucas-audiotool-tracks/mp3/06/96/xanny_phantom-spis8uq0c.06967ee2.mp3,https://lucas-audiotool-tracks.s3.amazonaws.com/mp3/06/96/xanny_phantom-spis8uq0c.06967ee2.mp3,True,top 50%
tracks/violin-lswx3d,top_50_percent__violin-lswx3d,s3://lucas-audiotool-tracks/mp3/4d/cf/violin-lswx3d.4dcf5bfa.mp3,https://lucas-audiotool-tracks.s3.amazonaws.com/mp3/4d/cf/violin-lswx3d.4dcf5bfa.mp3,True,top 50%
tracks/mi0jo46y5,top_50_percent__mi0jo46y5,s3://lucas-audiotool-tracks/mp3/d6/4e/mi0jo46y5.d64eae44.mp3,https://lucas-audiotool-tracks.s3.amazonaws.com/mp3/d6/4e/mi0jo46y5.d64eae44.mp3,True,top 50%
tracks/happy_forever,top_50_percent__happy_forever,s3://lucas-audiotool-tracks/mp3/3d/9d/happy_forever.3d9def93.mp3,https://lucas-audiotool-tracks.s3.amazonaws.com/mp3/3d/9d/happy_forever.3d9def93.mp3,True,top 50%
tracks/rod,top_50_percent__rod,s3://lucas-audiotool-tracks/mp3/eb/04/rod.eb04544a.mp3,https://lucas-audiotool-tracks.s3.amazonaws.com/mp3/eb/04/rod.eb04544a.mp3,True,top 50%
tracks/wr3093u6usof,top_50_percent__wr3093u6usof,s3://lucas-audiotool-tracks/mp3/08/78/wr3093u6usof.08782513.mp3,https://lucas-audiotool-tracks.s3.amazonaws.com/mp3/08/78/wr3093u6usof.08782513.mp3,True,top 50%
tracks/paris_in_the_rain,top_50_percent__paris_in_the_rain,s3://lucas-audiotool-tracks/mp3/60/36/paris_in_the_rain.6036c8f8.mp3,https://lucas-audiotool-tracks.s3.amazonaws.com/mp3/60/36/paris_in_the_rain.6036c8f8.mp3,True,top 50%
tracks/glin,top_50_percent__glin,s3://lucas-audiotool-tracks/mp3/2c/7b/glin.2c7bcc9a.mp3,https://lucas-audiotool-tracks.s3.amazonaws.com/mp3/2c/7b/glin.2c7bcc9a.mp3,True,top 50%
tracks/the_legend_of_zelda_lost_woods_s3rpintine_100_more_wubs_remix,top_50_percent__the_legend_of_zelda_lost_woods_s3rpintine_100_more_wubs_remix,s3://lucas-audiotool-tracks/mp3/11/8b/the_legend_of_zelda_lost_woods_s3rpintine_100_more_wubs_remix.118b35b0.mp3,https://lucas-audiotool-tracks.s3.amazonaws.com/mp3/11/8b/the_legend_of_zelda_lost_woods_s3rpintine_100_more_wubs_remix.118b35b0.mp3,True,top 50%
tracks/90_times,top_50_percent__90_times,s3://lucas-audiotool-tracks/mp3/4f/b2/90_times.4fb2afcb.mp3,https://lucas-audiotool-tracks.s3.amazonaws.com/mp3/4f/b2/90_times.4fb2afcb.mp3,True,top 50%
tracks/qskpdnur,top_50_percent__qskpdnur,s3://lucas-audiotool-tracks/mp3/c8/cf/qskpdnur.c8cf2365.mp3,https://lucas-audiotool-tracks.s3.amazonaws.com/mp3/c8/cf/qskpdnur.c8cf2365.mp3,True,top 50%
tracks/basse_atack,top_50_percent__basse_atack,s3://lucas-audiotool-tracks/mp3/b3/77/basse_atack.b3777b9c.mp3,https://lucas-audiotool-tracks.s3.amazonaws.com/mp3/b3/77/basse_atack.b3777b9c.mp3,True,top 50%
tracks/sideline,top_50_percent__sideline,s3://lucas-audiotool-tracks/mp3/bf/11/sideline.bf118cd6.mp3,https://lucas-audiotool-tracks.s3.amazonaws.com/mp3/bf/11/sideline.bf118cd6.mp3,True,top 50%
tracks/cat_hands,top_50_percent__cat_hands,s3://lucas-audiotool-tracks/mp3/00/c5/cat_hands.00c50b09.mp3,https://lucas-audiotool-tracks.s3.amazonaws.com/mp3/00/c5/cat_hands.00c50b09.mp3,True,top 50%
tracks/body_house_bass,top_50_percent__body_house_bass,s3://lucas-audiotool-tracks/mp3/94/74/body_house_bass.94746209.mp3,https://lucas-audiotool-tracks.s3.amazonaws.com/mp3/94/74/body_house_bass.94746209.mp3,True,top 50%
tracks/distance-cbrhi,top_50_percent__distance-cbrhi,s3://lucas-audiotool-tracks/mp3/b5/c8/distance-cbrhi.b5c8cdf9.mp3,https://lucas-audiotool-tracks.s3.amazonaws.com/mp3/b5/c8/distance-cbrhi.b5c8cdf9.mp3,True,top 50%
tracks/something_new_dej_yimstah_remix_cesay_edit,top_50_percent__something_new_dej_yimstah_remix_cesay_edit,s3://lucas-audiotool-tracks/mp3/0e/11/something_new_dej_yimstah_remix_cesay_edit.0e116f79.mp3,https://lucas-audiotool-tracks.s3.amazonaws.com/mp3/0e/11/something_new_dej_yimstah_remix_cesay_edit.0e116f79.mp3,True,top 50%
tracks/moonlight-8fofi,top_50_percent__moonlight-8fofi,s3://lucas-audiotool-tracks/mp3/a2/00/moonlight-8fofi.a2009ad9.mp3,https://lucas-audiotool-tracks.s3.amazonaws.com/mp3/a2/00/moonlight-8fofi.a2009ad9.mp3,True,top 50%
tracks/leaving_pt_1,top_50_percent__leaving_pt_1,s3://lucas-audiotool-tracks/mp3/0e/ad/leaving_pt_1.0ead324f.mp3,https://lucas-audiotool-tracks.s3.amazonaws.com/mp3/0e/ad/leaving_pt_1.0ead324f.mp3,True,top 50%
tracks/32pjkvna7w,top_50_percent__32pjkvna7w,s3://lucas-audiotool-tracks/mp3/32/48/32pjkvna7w.3248e6af.mp3,https://lucas-audiotool-tracks.s3.amazonaws.com/mp3/32/48/32pjkvna7w.3248e6af.mp3,True,top 50%
tracks/2zkih9z9xa,top_50_percent__2zkih9z9xa,s3://lucas-audiotool-tracks/mp3/20/a0/2zkih9z9xa.20a084ac.mp3,https://lucas-audiotool-tracks.s3.amazonaws.com/mp3/20/a0/2zkih9z9xa.20a084ac.mp3,True,top 50%
tracks/j184g35uf5,top_10_percent__j184g35uf5,s3://lucas-audiotool-tracks/mp3/20/52/j184g35uf5.20529f12.mp3,https://lucas-audiotool-tracks.s3.amazonaws.com/mp3/20/52/j184g35uf5.20529f12.mp3,True,top 10%
tracks/cf572a5fa,top_10_percent__cf572a5fa,s3://lucas-audiotool-tracks/mp3/25/d1/cf572a5fa.25d1745c.mp3,https://lucas-audiotool-tracks.s3.amazonaws.com/mp3/25/d1/cf572a5fa.25d1745c.mp3,True,top 10%
tracks/audiotool_starterpack,top_10_percent__audiotool_starterpack,s3://lucas-audiotool-tracks/mp3/0f/6f/audiotool_starterpack.0f6fa9a7.mp3,https://lucas-audiotool-tracks.s3.amazonaws.com/mp3/0f/6f/audiotool_starterpack.0f6fa9a7.mp3,True,top 10%
tracks/k92we35pbk08,top_10_percent__k92we35pbk08,s3://lucas-audiotool-tracks/mp3/6c/01/k92we35pbk08.6c0182c5.mp3,https://lucas-audiotool-tracks.s3.amazonaws.com/mp3/6c/01/k92we35pbk08.6c0182c5.mp3,True,top 10%
tracks/t_s_s_jeremy_s_edit,top_10_percent__t_s_s_jeremy_s_edit,s3://lucas-audiotool-tracks/mp3/26/c9/t_s_s_jeremy_s_edit.26c9448e.mp3,https://lucas-audiotool-tracks.s3.amazonaws.com/mp3/26/c9/t_s_s_jeremy_s_edit.26c9448e.mp3,True,top 10%
tracks/fr_bombtrax_remix_deepseadreams,top_10_percent__fr_bombtrax_remix_deepseadreams,s3://lucas-audiotool-tracks/mp3/52/b3/fr_bombtrax_remix_deepseadreams.52b34762.mp3,https://lucas-audiotool-tracks.s3.amazonaws.com/mp3/52/b3/fr_bombtrax_remix_deepseadreams.52b34762.mp3,True,top 10%
tracks/zb109r17x7l,top_10_percent__zb109r17x7l,s3://lucas-audiotool-tracks/mp3/b9/20/zb109r17x7l.b920c7aa.mp3,https://lucas-audiotool-tracks.s3.amazonaws.com/mp3/b9/20/zb109r17x7l.b920c7aa.mp3,True,top 10%
tracks/orbit-ndynxy,top_10_percent__orbit-ndynxy,s3://lucas-audiotool-tracks/mp3/b4/56/orbit-ndynxy.b456295c.mp3,https://lucas-audiotool-tracks.s3.amazonaws.com/mp3/b4/56/orbit-ndynxy.b456295c.mp3,True,top 10%
tracks/rdllosavu5j,top_10_percent__rdllosavu5j,s3://lucas-audiotool-tracks/mp3/0a/b6/rdllosavu5j.0ab6a867.mp3,https://lucas-audiotool-tracks.s3.amazonaws.com/mp3/0a/b6/rdllosavu5j.0ab6a867.mp3,True,top 10%
tracks/megalovania,top_10_percent__megalovania,s3://lucas-audiotool-tracks/mp3/9e/46/megalovania.9e468f9b.mp3,https://lucas-audiotool-tracks.s3.amazonaws.com/mp3/9e/46/megalovania.9e468f9b.mp3,True,top 10%
tracks/simple_chemistry,top_10_percent__simple_chemistry,s3://lucas-audiotool-tracks/mp3/84/25/simple_chemistry.84251ff0.mp3,https://lucas-audiotool-tracks.s3.amazonaws.com/mp3/84/25/simple_chemistry.84251ff0.mp3,True,top 10%
tracks/the_endless_maze,top_10_percent__the_endless_maze,s3://lucas-audiotool-tracks/mp3/fb/cc/the_endless_maze.fbcc864d.mp3,https://lucas-audiotool-tracks.s3.amazonaws.com/mp3/fb/cc/the_endless_maze.fbcc864d.mp3,True,top 10%
tracks/half_of_me,top_10_percent__half_of_me,s3://lucas-audiotool-tracks/mp3/f9/ee/half_of_me.f9ee4e76.mp3,https://lucas-audiotool-tracks.s3.amazonaws.com/mp3/f9/ee/half_of_me.f9ee4e76.mp3,True,top 10%
tracks/reminiscence_feel_it_at_day_2015_-_knight_of_the_king,top_10_percent__reminiscence_feel_it_at_day_2015_-_knight_of_the_king,s3://lucas-audiotool-tracks/mp3/80/86/reminiscence_feel_it_at_day_2015_-_knight_of_the_king.808607f4.mp3,https://lucas-audiotool-tracks.s3.amazonaws.com/mp3/80/86/reminiscence_feel_it_at_day_2015_-_knight_of_the_king.808607f4.mp3,True,top 10%
tracks/kxks4z9e1,top_10_percent__kxks4z9e1,s3://lucas-audiotool-tracks/mp3/9a/ca/kxks4z9e1.9acac11e.mp3,https://lucas-audiotool-tracks.s3.amazonaws.com/mp3/9a/ca/kxks4z9e1.9acac11e.mp3,True,top 10%
tracks/alone_ft_8bit_step_mastered,top_10_percent__alone_ft_8bit_step_mastered,s3://lucas-audiotool-tracks/mp3/4c/d6/alone_ft_8bit_step_mastered.4cd6c638.mp3,https://lucas-audiotool-tracks.s3.amazonaws.com/mp3/4c/d6/alone_ft_8bit_step_mastered.4cd6c638.mp3,True,top 10%
tracks/merry_xmas,top_10_percent__merry_xmas,s3://lucas-audiotool-tracks/mp3/8e/f0/merry_xmas.8ef0d068.mp3,https://lucas-audiotool-tracks.s3.amazonaws.com/mp3/8e/f0/merry_xmas.8ef0d068.mp3,True,top 10%
tracks/failed_ft_neocterix,top_10_percent__failed_ft_neocterix,s3://lucas-audiotool-tracks/mp3/2b/f6/failed_ft_neocterix.2bf66bd4.mp3,https://lucas-audiotool-tracks.s3.amazonaws.com/mp3/2b/f6/failed_ft_neocterix.2bf66bd4.mp3,True,top 10%
tracks/fv8d1k3x,top_10_percent__fv8d1k3x,s3://lucas-audiotool-tracks/mp3/33/ee/fv8d1k3x.33ee764e.mp3,https://lucas-audiotool-tracks.s3.amazonaws.com/mp3/33/ee/fv8d1k3x.33ee764e.mp3,True,top 10%
tracks/gang_of_luck,top_10_percent__gang_of_luck,s3://lucas-audiotool-tracks/mp3/ca/e2/gang_of_luck.cae2a342.mp3,https://lucas-audiotool-tracks.s3.amazonaws.com/mp3/ca/e2/gang_of_luck.cae2a342.mp3,True,top 10%
tracks/rp8gvj0jug,top_10_percent__rp8gvj0jug,s3://lucas-audiotool-tracks/mp3/c7/f5/rp8gvj0jug.c7f53f87.mp3,https://lucas-audiotool-tracks.s3.amazonaws.com/mp3/c7/f5/rp8gvj0jug.c7f53f87.mp3,True,top 10%
tracks/yxceizxyac1f,top_10_percent__yxceizxyac1f,s3://lucas-audiotool-tracks/mp3/35/ca/yxceizxyac1f.35ca16e0.mp3,https://lucas-audiotool-tracks.s3.amazonaws.com/mp3/35/ca/yxceizxyac1f.35ca16e0.mp3,True,top 10%
tracks/eb7d85st9,top_10_percent__eb7d85st9,s3://lucas-audiotool-tracks/mp3/4e/43/eb7d85st9.4e434cd4.mp3,https://lucas-audiotool-tracks.s3.amazonaws.com/mp3/4e/43/eb7d85st9.4e434cd4.mp3,True,top 10%
tracks/xqe2amxeydoj,top_10_percent__xqe2amxeydoj,s3://lucas-audiotool-tracks/mp3/c4/80/xqe2amxeydoj.c4804f54.mp3,https://lucas-audiotool-tracks.s3.amazonaws.com/mp3/c4/80/xqe2amxeydoj.c4804f54.mp3,True,top 10%
tracks/420_followers,top_10_percent__420_followers,s3://lucas-audiotool-tracks/mp3/12/ab/420_followers.12ab8cd9.mp3,https://lucas-audiotool-tracks.s3.amazonaws.com/mp3/12/ab/420_followers.12ab8cd9.mp3,True,top 10%
tracks/rain_glitter,top_10_percent__rain_glitter,s3://lucas-audiotool-tracks/mp3/5f/57/rain_glitter.5f57fcca.mp3,https://lucas-audiotool-tracks.s3.amazonaws.com/mp3/5f/57/rain_glitter.5f57fcca.mp3,True,top 10%
tracks/misogi,top_10_percent__misogi,s3://lucas-audiotool-tracks/mp3/9b/48/misogi.9b48aadf.mp3,https://lucas-audiotool-tracks.s3.amazonaws.com/mp3/9b/48/misogi.9b48aadf.mp3,True,top 10%
tracks/kings_and_queens_fyrefli_x_bcp,top_10_percent__kings_and_queens_fyrefli_x_bcp,s3://lucas-audiotool-tracks/mp3/fd/04/kings_and_queens_fyrefli_x_bcp.fd045a30.mp3,https://lucas-audiotool-tracks.s3.amazonaws.com/mp3/fd/04/kings_and_queens_fyrefli_x_bcp.fd045a30.mp3,True,top 10%
tracks/ulitvbhbv5,top_10_percent__ulitvbhbv5,s3://lucas-audiotool-tracks/mp3/5f/02/ulitvbhbv5.5f0243ea.mp3,https://lucas-audiotool-tracks.s3.amazonaws.com/mp3/5f/02/ulitvbhbv5.5f0243ea.mp3,True,top 10%
tracks/the_art_of_base,top_10_percent__the_art_of_base,s3://lucas-audiotool-tracks/mp3/c9/fc/the_art_of_base.c9fc8e67.mp3,https://lucas-audiotool-tracks.s3.amazonaws.com/mp3/c9/fc/the_art_of_base.c9fc8e67.mp3,True,top 10%
tracks/7o33torum,top_10_percent__7o33torum,s3://lucas-audiotool-tracks/mp3/3c/80/7o33torum.3c800ecc.mp3,https://lucas-audiotool-tracks.s3.amazonaws.com/mp3/3c/80/7o33torum.3c800ecc.mp3,True,top 10%
tracks/i0xomkyojn7m,top_10_percent__i0xomkyojn7m,s3://lucas-audiotool-tracks/mp3/c2/61/i0xomkyojn7m.c261ca82.mp3,https://lucas-audiotool-tracks.s3.amazonaws.com/mp3/c2/61/i0xomkyojn7m.c261ca82.mp3,True,top 10%
tracks/southside_808_mafia_type_beat_prod_by_trap_josh,top_10_percent__southside_808_mafia_type_beat_prod_by_trap_josh,s3://lucas-audiotool-tracks/mp3/11/a3/southside_808_mafia_type_beat_prod_by_trap_josh.11a37448.mp3,https://lucas-audiotool-tracks.s3.amazonaws.com/mp3/11/a3/southside_808_mafia_type_beat_prod_by_trap_josh.11a37448.mp3,True,top 10%
tracks/shake_eem_off_me,top_10_percent__shake_eem_off_me,s3://lucas-audiotool-tracks/mp3/e1/af/shake_eem_off_me.e1af7bb5.mp3,https://lucas-audiotool-tracks.s3.amazonaws.com/mp3/e1/af/shake_eem_off_me.e1af7bb5.mp3,True,top 10%
tracks/6lyjuibxpy,top_10_percent__6lyjuibxpy,s3://lucas-audiotool-tracks/mp3/f9/b3/6lyjuibxpy.f9b3fb48.mp3,https://lucas-audiotool-tracks.s3.amazonaws.com/mp3/f9/b3/6lyjuibxpy.f9b3fb48.mp3,True,top 10%
tracks/leaving_audiotool,top_10_percent__leaving_audiotool,s3://lucas-audiotool-tracks/mp3/c7/86/leaving_audiotool.c7863d69.mp3,https://lucas-audiotool-tracks.s3.amazonaws.com/mp3/c7/86/leaving_audiotool.c7863d69.mp3,True,top 10%
tracks/kc1uxm5pzq,top_10_percent__kc1uxm5pzq,s3://lucas-audiotool-tracks/mp3/41/5b/kc1uxm5pzq.415b523a.mp3,https://lucas-audiotool-tracks.s3.amazonaws.com/mp3/41/5b/kc1uxm5pzq.415b523a.mp3,True,top 10%
tracks/luna_illuminas_a_two-year_old_draft_i_ve_been_kicking_around,top_10_percent__luna_illuminas_a_two-year_old_draft_i_ve_been_kicking_around,s3://lucas-audiotool-tracks/mp3/f1/23/luna_illuminas_a_two-year_old_draft_i_ve_been_kicking_around.f1237a57.mp3,https://lucas-audiotool-tracks.s3.amazonaws.com/mp3/f1/23/luna_illuminas_a_two-year_old_draft_i_ve_been_kicking_around.f1237a57.mp3,True,top 10%
tracks/unique-ufx4yrm8,top_10_percent__unique-ufx4yrm8,s3://lucas-audiotool-tracks/mp3/47/ba/unique-ufx4yrm8.47ba5630.mp3,https://lucas-audiotool-tracks.s3.amazonaws.com/mp3/47/ba/unique-ufx4yrm8.47ba5630.mp3,True,top 10%
tracks/those_bastards,top_10_percent__those_bastards,s3://lucas-audiotool-tracks/mp3/ae/6d/those_bastards.ae6d4bd6.mp3,https://lucas-audiotool-tracks.s3.amazonaws.com/mp3/ae/6d/those_bastards.ae6d4bd6.mp3,True,top 10%
tracks/you_cant_remix_a_sample,top_10_percent__you_cant_remix_a_sample,s3://lucas-audiotool-tracks/mp3/de/3a/you_cant_remix_a_sample.de3af7b1.mp3,https://lucas-audiotool-tracks.s3.amazonaws.com/mp3/de/3a/you_cant_remix_a_sample.de3af7b1.mp3,True,top 10%
tracks/vvb633ei2oo,top_10_percent__vvb633ei2oo,s3://lucas-audiotool-tracks/mp3/14/a2/vvb633ei2oo.14a28abf.mp3,https://lucas-audiotool-tracks.s3.amazonaws.com/mp3/14/a2/vvb633ei2oo.14a28abf.mp3,True,top 10%
tracks/friendly_baneling,top_10_percent__friendly_baneling,s3://lucas-audiotool-tracks/mp3/69/ff/friendly_baneling.69ff81a1.mp3,https://lucas-audiotool-tracks.s3.amazonaws.com/mp3/69/ff/friendly_baneling.69ff81a1.mp3,True,top 10%
tracks/crazy_talk-p0u3enfl,top_10_percent__crazy_talk-p0u3enfl,s3://lucas-audiotool-tracks/mp3/b9/4b/crazy_talk-p0u3enfl.b94b89ff.mp3,https://lucas-audiotool-tracks.s3.amazonaws.com/mp3/b9/4b/crazy_talk-p0u3enfl.b94b89ff.mp3,True,top 10%
tracks/house_snippet,top_10_percent__house_snippet,s3://lucas-audiotool-tracks/mp3/81/03/house_snippet.81039b1a.mp3,https://lucas-audiotool-tracks.s3.amazonaws.com/mp3/81/03/house_snippet.81039b1a.mp3,True,top 10%
tracks/synrise,top_10_percent__synrise,s3://lucas-audiotool-tracks/mp3/bd/bf/synrise.bdbfc736.mp3,https://lucas-audiotool-tracks.s3.amazonaws.com/mp3/bd/bf/synrise.bdbfc736.mp3,True,top 10%
tracks/kaykay,top_10_percent__kaykay,s3://lucas-audiotool-tracks/mp3/6f/77/kaykay.6f77dd6a.mp3,https://lucas-audiotool-tracks.s3.amazonaws.com/mp3/6f/77/kaykay.6f77dd6a.mp3,True,top 10%
tracks/sfbpbvgwx9,top_10_percent__sfbpbvgwx9,s3://lucas-audiotool-tracks/mp3/92/4b/sfbpbvgwx9.924b861c.mp3,https://lucas-audiotool-tracks.s3.amazonaws.com/mp3/92/4b/sfbpbvgwx9.924b861c.mp3,True,top 10%
tracks/strike_back,top_10_percent__strike_back,s3://lucas-audiotool-tracks/mp3/db/ce/strike_back.dbce4cf4.mp3,https://lucas-audiotool-tracks.s3.amazonaws.com/mp3/db/ce/strike_back.dbce4cf4.mp3,True,top 10%
tracks/2r4rvb2lwk,top_10_percent__2r4rvb2lwk,s3://lucas-audiotool-tracks/mp3/6c/35/2r4rvb2lwk.6c35b6ec.mp3,https://lucas-audiotool-tracks.s3.amazonaws.com/mp3/6c/35/2r4rvb2lwk.6c35b6ec.mp3,True,top 10%
tracks/squaaaaaaaaa,top_1_percent__squaaaaaaaaa,s3://lucas-audiotool-tracks/mp3/0f/89/squaaaaaaaaa.0f893221.mp3,https://lucas-audiotool-tracks.s3.amazonaws.com/mp3/0f/89/squaaaaaaaaa.0f893221.mp3,True,top 1%
tracks/set_phazers_to_everything_preview,top_1_percent__set_phazers_to_everything_preview,s3://lucas-audiotool-tracks/mp3/49/93/set_phazers_to_everything_preview.49938d06.mp3,https://lucas-audiotool-tracks.s3.amazonaws.com/mp3/49/93/set_phazers_to_everything_preview.49938d06.mp3,True,top 1%
tracks/fetsubar,top_1_percent__fetsubar,s3://lucas-audiotool-tracks/mp3/21/90/fetsubar.219036f4.mp3,https://lucas-audiotool-tracks.s3.amazonaws.com/mp3/21/90/fetsubar.219036f4.mp3,True,top 1%
tracks/gr8_m8_i_r8_7_8_i_mean_8_8_i_mean_6_8,top_1_percent__gr8_m8_i_r8_7_8_i_mean_8_8_i_mean_6_8,s3://lucas-audiotool-tracks/mp3/a4/43/gr8_m8_i_r8_7_8_i_mean_8_8_i_mean_6_8.a4432f61.mp3,https://lucas-audiotool-tracks.s3.amazonaws.com/mp3/a4/43/gr8_m8_i_r8_7_8_i_mean_8_8_i_mean_6_8.a4432f61.mp3,True,top 1%
tracks/insane-bwmlb,top_1_percent__insane-bwmlb,s3://lucas-audiotool-tracks/mp3/d1/cc/insane-bwmlb.d1ccf92e.mp3,https://lucas-audiotool-tracks.s3.amazonaws.com/mp3/d1/cc/insane-bwmlb.d1ccf92e.mp3,True,top 1%
tracks/comment-z5tym33g,top_1_percent__comment-z5tym33g,s3://lucas-audiotool-tracks/mp3/5c/bf/comment-z5tym33g.5cbfa2d2.mp3,https://lucas-audiotool-tracks.s3.amazonaws.com/mp3/5c/bf/comment-z5tym33g.5cbfa2d2.mp3,True,top 1%
tracks/10jshvkgbfy,top_1_percent__10jshvkgbfy,s3://lucas-audiotool-tracks/mp3/2a/73/10jshvkgbfy.2a73b828.mp3,https://lucas-audiotool-tracks.s3.amazonaws.com/mp3/2a/73/10jshvkgbfy.2a73b828.mp3,True,top 1%
tracks/jg_dubz_x_shirako_x_prowla_-_kraken_lord,top_1_percent__jg_dubz_x_shirako_x_prowla_-_kraken_lord,s3://lucas-audiotool-tracks/mp3/fe/87/jg_dubz_x_shirako_x_prowla_-_kraken_lord.fe87bcd4.mp3,https://lucas-audiotool-tracks.s3.amazonaws.com/mp3/fe/87/jg_dubz_x_shirako_x_prowla_-_kraken_lord.fe87bcd4.mp3,True,top 1%
tracks/ms54a38c72ja,top_1_percent__ms54a38c72ja,s3://lucas-audiotool-tracks/mp3/e9/e9/ms54a38c72ja.e9e979cc.mp3,https://lucas-audiotool-tracks.s3.amazonaws.com/mp3/e9/e9/ms54a38c72ja.e9e979cc.mp3,True,top 1%
tracks/heartskip,top_1_percent__heartskip,s3://lucas-audiotool-tracks/mp3/a7/ca/heartskip.a7ca9f3e.mp3,https://lucas-audiotool-tracks.s3.amazonaws.com/mp3/a7/ca/heartskip.a7ca9f3e.mp3,True,top 1%
tracks/all_i_need-18j9wdda,top_1_percent__all_i_need-18j9wdda,s3://lucas-audiotool-tracks/mp3/3a/f5/all_i_need-18j9wdda.3af5b43e.mp3,https://lucas-audiotool-tracks.s3.amazonaws.com/mp3/3a/f5/all_i_need-18j9wdda.3af5b43e.mp3,True,top 1%
tracks/qfd1vl1y2vdj,top_1_percent__qfd1vl1y2vdj,s3://lucas-audiotool-tracks/mp3/6b/a9/qfd1vl1y2vdj.6ba976a0.mp3,https://lucas-audiotool-tracks.s3.amazonaws.com/mp3/6b/a9/qfd1vl1y2vdj.6ba976a0.mp3,True,top 1%
tracks/lzlrxy4s0,top_1_percent__lzlrxy4s0,s3://lucas-audiotool-tracks/mp3/f2/61/lzlrxy4s0.f2613716.mp3,https://lucas-audiotool-tracks.s3.amazonaws.com/mp3/f2/61/lzlrxy4s0.f2613716.mp3,True,top 1%
tracks/63zegmq02z2i,top_1_percent__63zegmq02z2i,s3://lucas-audiotool-tracks/mp3/0f/ab/63zegmq02z2i.0fabc58f.mp3,https://lucas-audiotool-tracks.s3.amazonaws.com/mp3/0f/ab/63zegmq02z2i.0fabc58f.mp3,True,top 1%
tracks/the_return_wip,top_1_percent__the_return_wip,s3://lucas-audiotool-tracks/mp3/88/eb/the_return_wip.88ebfa5b.mp3,https://lucas-audiotool-tracks.s3.amazonaws.com/mp3/88/eb/the_return_wip.88ebfa5b.mp3,True,top 1%
tracks/glyph-bercntc5,top_1_percent__glyph-bercntc5,s3://lucas-audiotool-tracks/mp3/d5/73/glyph-bercntc5.d5736ee9.mp3,https://lucas-audiotool-tracks.s3.amazonaws.com/mp3/d5/73/glyph-bercntc5.d5736ee9.mp3,True,top 1%
tracks/o41p0zzoze,top_1_percent__o41p0zzoze,s3://lucas-audiotool-tracks/mp3/91/11/o41p0zzoze.9111a18d.mp3,https://lucas-audiotool-tracks.s3.amazonaws.com/mp3/91/11/o41p0zzoze.9111a18d.mp3,True,top 1%
tracks/i_can_see_joy,top_1_percent__i_can_see_joy,s3://lucas-audiotool-tracks/mp3/4d/5d/i_can_see_joy.4d5d3a2c.mp3,https://lucas-audiotool-tracks.s3.amazonaws.com/mp3/4d/5d/i_can_see_joy.4d5d3a2c.mp3,True,top 1%
tracks/twerk_on_luxy_boi,top_1_percent__twerk_on_luxy_boi,s3://lucas-audiotool-tracks/mp3/64/d1/twerk_on_luxy_boi.64d1cf4a.mp3,https://lucas-audiotool-tracks.s3.amazonaws.com/mp3/64/d1/twerk_on_luxy_boi.64d1cf4a.mp3,True,top 1%
tracks/4hctps495lzx,top_1_percent__4hctps495lzx,s3://lucas-audiotool-tracks/mp3/0e/2a/4hctps495lzx.0e2a0be0.mp3,https://lucas-audiotool-tracks.s3.amazonaws.com/mp3/0e/2a/4hctps495lzx.0e2a0be0.mp3,True,top 1%
tracks/festival,top_1_percent__festival,s3://lucas-audiotool-tracks/mp3/bd/c4/festival.bdc4091d.mp3,https://lucas-audiotool-tracks.s3.amazonaws.com/mp3/bd/c4/festival.bdc4091d.mp3,True,top 1%
tracks/mkh5b06ya3l,top_1_percent__mkh5b06ya3l,s3://lucas-audiotool-tracks/mp3/c7/d2/mkh5b06ya3l.c7d2ffd4.mp3,https://lucas-audiotool-tracks.s3.amazonaws.com/mp3/c7/d2/mkh5b06ya3l.c7d2ffd4.mp3,True,top 1%
tracks/okdke6n0c,top_1_percent__okdke6n0c,s3://lucas-audiotool-tracks/mp3/31/6b/okdke6n0c.316bdeec.mp3,https://lucas-audiotool-tracks.s3.amazonaws.com/mp3/31/6b/okdke6n0c.316bdeec.mp3,True,top 1%
tracks/audiotool_day_2015_-_abstract,top_1_percent__audiotool_day_2015_-_abstract,s3://lucas-audiotool-tracks/mp3/b5/41/audiotool_day_2015_-_abstract.b5419e95.mp3,https://lucas-audiotool-tracks.s3.amazonaws.com/mp3/b5/41/audiotool_day_2015_-_abstract.b5419e95.mp3,True,top 1%
tracks/dearest_father,top_1_percent__dearest_father,s3://lucas-audiotool-tracks/mp3/a7/b6/dearest_father.a7b66e33.mp3,https://lucas-audiotool-tracks.s3.amazonaws.com/mp3/a7/b6/dearest_father.a7b66e33.mp3,True,top 1%
tracks/unison_-_lagrue_remix,top_1_percent__unison_-_lagrue_remix,s3://lucas-audiotool-tracks/mp3/81/18/unison_-_lagrue_remix.8118c86b.mp3,https://lucas-audiotool-tracks.s3.amazonaws.com/mp3/81/18/unison_-_lagrue_remix.8118c86b.mp3,True,top 1%
tracks/d9phodymsgy4,top_1_percent__d9phodymsgy4,s3://lucas-audiotool-tracks/mp3/3f/a8/d9phodymsgy4.3fa8c05f.mp3,https://lucas-audiotool-tracks.s3.amazonaws.com/mp3/3f/a8/d9phodymsgy4.3fa8c05f.mp3,True,top 1%
tracks/friday_the_13th,top_1_percent__friday_the_13th,s3://lucas-audiotool-tracks/mp3/8d/76/friday_the_13th.8d767ee4.mp3,https://lucas-audiotool-tracks.s3.amazonaws.com/mp3/8d/76/friday_the_13th.8d767ee4.mp3,True,top 1%
tracks/w5p3m0vz9,top_1_percent__w5p3m0vz9,s3://lucas-audiotool-tracks/mp3/b7/e9/w5p3m0vz9.b7e9df27.mp3,https://lucas-audiotool-tracks.s3.amazonaws.com/mp3/b7/e9/w5p3m0vz9.b7e9df27.mp3,True,top 1%
tracks/tears_crawl_nominal_remix,top_1_percent__tears_crawl_nominal_remix,s3://lucas-audiotool-tracks/mp3/cd/3e/tears_crawl_nominal_remix.cd3e87ef.mp3,https://lucas-audiotool-tracks.s3.amazonaws.com/mp3/cd/3e/tears_crawl_nominal_remix.cd3e87ef.mp3,True,top 1%
tracks/just_another_daw_nch_x_sf_x_vlk_x_ari_x_asthtx,top_1_percent__just_another_daw_nch_x_sf_x_vlk_x_ari_x_asthtx,s3://lucas-audiotool-tracks/mp3/49/e7/just_another_daw_nch_x_sf_x_vlk_x_ari_x_asthtx.49e7f732.mp3,https://lucas-audiotool-tracks.s3.amazonaws.com/mp3/49/e7/just_another_daw_nch_x_sf_x_vlk_x_ari_x_asthtx.49e7f732.mp3,True,top 1%
tracks/a_bothersome_thorn_-_featuring_valentina_conte,top_1_percent__a_bothersome_thorn_-_featuring_valentina_conte,s3://lucas-audiotool-tracks/mp3/48/09/a_bothersome_thorn_-_featuring_valentina_conte.48097d78.mp3,https://lucas-audiotool-tracks.s3.amazonaws.com/mp3/48/09/a_bothersome_thorn_-_featuring_valentina_conte.48097d78.mp3,True,top 1%
tracks/akwgmc1vpws,top_1_percent__akwgmc1vpws,s3://lucas-audiotool-tracks/mp3/f3/9e/akwgmc1vpws.f39e64fa.mp3,https://lucas-audiotool-tracks.s3.amazonaws.com/mp3/f3/9e/akwgmc1vpws.f39e64fa.mp3,True,top 1%
tracks/c83c9ihmmf,top_1_percent__c83c9ihmmf,s3://lucas-audiotool-tracks/mp3/95/ef/c83c9ihmmf.95effa67.mp3,https://lucas-audiotool-tracks.s3.amazonaws.com/mp3/95/ef/c83c9ihmmf.95effa67.mp3,True,top 1%
tracks/qcirgdhrd6c8,top_1_percent__qcirgdhrd6c8,s3://lucas-audiotool-tracks/mp3/64/09/qcirgdhrd6c8.6409bf5c.mp3,https://lucas-audiotool-tracks.s3.amazonaws.com/mp3/64/09/qcirgdhrd6c8.6409bf5c.mp3,True,top 1%
tracks/a0m84leyndss,top_1_percent__a0m84leyndss,s3://lucas-audiotool-tracks/mp3/cb/6d/a0m84leyndss.cb6d107c.mp3,https://lucas-audiotool-tracks.s3.amazonaws.com/mp3/cb/6d/a0m84leyndss.cb6d107c.mp3,True,top 1%
tracks/blue_blood,top_1_percent__blue_blood,s3://lucas-audiotool-tracks/mp3/dd/bf/blue_blood.ddbf83c1.mp3,https://lucas-audiotool-tracks.s3.amazonaws.com/mp3/dd/bf/blue_blood.ddbf83c1.mp3,True,top 1%
tracks/awake-ip6y2,top_1_percent__awake-ip6y2,s3://lucas-audiotool-tracks/mp3/08/a1/awake-ip6y2.08a1f719.mp3,https://lucas-audiotool-tracks.s3.amazonaws.com/mp3/08/a1/awake-ip6y2.08a1f719.mp3,True,top 1%
tracks/7_shots,top_1_percent__7_shots,s3://lucas-audiotool-tracks/mp3/b2/e6/7_shots.b2e69ccb.mp3,https://lucas-audiotool-tracks.s3.amazonaws.com/mp3/b2/e6/7_shots.b2e69ccb.mp3,True,top 1%
tracks/yhjz30ph,top_1_percent__yhjz30ph,s3://lucas-audiotool-tracks/mp3/22/74/yhjz30ph.2274dfa7.mp3,https://lucas-audiotool-tracks.s3.amazonaws.com/mp3/22/74/yhjz30ph.2274dfa7.mp3,True,top 1%
tracks/4erixtz0,top_1_percent__4erixtz0,s3://lucas-audiotool-tracks/mp3/e9/f4/4erixtz0.e9f4f679.mp3,https://lucas-audiotool-tracks.s3.amazonaws.com/mp3/e9/f4/4erixtz0.e9f4f679.mp3,True,top 1%
tracks/time_traveler-9j5unr,top_1_percent__time_traveler-9j5unr,s3://lucas-audiotool-tracks/mp3/fc/93/time_traveler-9j5unr.fc93c18f.mp3,https://lucas-audiotool-tracks.s3.amazonaws.com/mp3/fc/93/time_traveler-9j5unr.fc93c18f.mp3,True,top 1%
tracks/d_m,top_1_percent__d_m,s3://lucas-audiotool-tracks/mp3/93/f5/d_m.93f59fcf.mp3,https://lucas-audiotool-tracks.s3.amazonaws.com/mp3/93/f5/d_m.93f59fcf.mp3,True,top 1%
tracks/the_music_goes_on_my_head,top_1_percent__the_music_goes_on_my_head,s3://lucas-audiotool-tracks/mp3/19/cd/the_music_goes_on_my_head.19cd9f28.mp3,https://lucas-audiotool-tracks.s3.amazonaws.com/mp3/19/cd/the_music_goes_on_my_head.19cd9f28.mp3,True,top 1%
tracks/all_night-lom1b,top_1_percent__all_night-lom1b,s3://lucas-audiotool-tracks/mp3/0c/16/all_night-lom1b.0c16fe2b.mp3,https://lucas-audiotool-tracks.s3.amazonaws.com/mp3/0c/16/all_night-lom1b.0c16fe2b.mp3,True,top 1%
tracks/the_twilight_zone_abaddon_back_to_the_crypte_mix,top_1_percent__the_twilight_zone_abaddon_back_to_the_crypte_mix,s3://lucas-audiotool-tracks/mp3/fb/74/the_twilight_zone_abaddon_back_to_the_crypte_mix.fb742f0a.mp3,https://lucas-audiotool-tracks.s3.amazonaws.com/mp3/fb/74/the_twilight_zone_abaddon_back_to_the_crypte_mix.fb742f0a.mp3,True,top 1%
tracks/space_remix_comp-wbtnt,top_1_percent__space_remix_comp-wbtnt,s3://lucas-audiotool-tracks/mp3/ba/15/space_remix_comp-wbtnt.ba1541be.mp3,https://lucas-audiotool-tracks.s3.amazonaws.com/mp3/ba/15/space_remix_comp-wbtnt.ba1541be.mp3,True,top 1%
tracks/start_of_a_new_era,top_1_percent__start_of_a_new_era,s3://lucas-audiotool-tracks/mp3/57/2c/start_of_a_new_era.572cf5ad.mp3,https://lucas-audiotool-tracks.s3.amazonaws.com/mp3/57/2c/start_of_a_new_era.572cf5ad.mp3,True,top 1%
tracks/2bvsnb33a,top_1_percent__2bvsnb33a,s3://lucas-audiotool-tracks/mp3/4d/f0/2bvsnb33a.4df02299.mp3,https://lucas-audiotool-tracks.s3.amazonaws.com/mp3/4d/f0/2bvsnb33a.4df02299.mp3,True,top 1%
tracks/dub_life_-_full_track,top_1_percent__dub_life_-_full_track,s3://lucas-audiotool-tracks/mp3/e4/e4/dub_life_-_full_track.e4e4b0cf.mp3,https://lucas-audiotool-tracks.s3.amazonaws.com/mp3/e4/e4/dub_life_-_full_track.e4e4b0cf.mp3,True,top 1%
tracks/delta_phi,top_0_1_percent__delta_phi,s3://lucas-audiotool-tracks/mp3/95/c2/delta_phi.95c20895.mp3,https://lucas-audiotool-tracks.s3.amazonaws.com/mp3/95/c2/delta_phi.95c20895.mp3,True,top 0.1%
tracks/vuuy5kum,top_0_1_percent__vuuy5kum,s3://lucas-audiotool-tracks/mp3/89/9c/vuuy5kum.899c7069.mp3,https://lucas-audiotool-tracks.s3.amazonaws.com/mp3/89/9c/vuuy5kum.899c7069.mp3,True,top 0.1%
tracks/fraternity-yxucrumn,top_0_1_percent__fraternity-yxucrumn,s3://lucas-audiotool-tracks/mp3/96/47/fraternity-yxucrumn.96472120.mp3,https://lucas-audiotool-tracks.s3.amazonaws.com/mp3/96/47/fraternity-yxucrumn.96472120.mp3,True,top 0.1%
tracks/and_we_begin_again,top_0_1_percent__and_we_begin_again,s3://lucas-audiotool-tracks/mp3/f3/5d/and_we_begin_again.f35d2ee0.mp3,https://lucas-audiotool-tracks.s3.amazonaws.com/mp3/f3/5d/and_we_begin_again.f35d2ee0.mp3,True,top 0.1%
tracks/aq897a071m,top_0_1_percent__aq897a071m,s3://lucas-audiotool-tracks/mp3/90/0e/aq897a071m.900e9081.mp3,https://lucas-audiotool-tracks.s3.amazonaws.com/mp3/90/0e/aq897a071m.900e9081.mp3,True,top 0.1%
tracks/ibyv67pekq25,top_0_1_percent__ibyv67pekq25,s3://lucas-audiotool-tracks/mp3/1b/5b/ibyv67pekq25.1b5bc231.mp3,https://lucas-audiotool-tracks.s3.amazonaws.com/mp3/1b/5b/ibyv67pekq25.1b5bc231.mp3,True,top 0.1%
tracks/chill_future_bass,top_0_1_percent__chill_future_bass,s3://lucas-audiotool-tracks/mp3/3e/b8/chill_future_bass.3eb84df2.mp3,https://lucas-audiotool-tracks.s3.amazonaws.com/mp3/3e/b8/chill_future_bass.3eb84df2.mp3,True,top 0.1%
tracks/bws1kng1v,top_0_1_percent__bws1kng1v,s3://lucas-audiotool-tracks/mp3/1f/c9/bws1kng1v.1fc963e8.mp3,https://lucas-audiotool-tracks.s3.amazonaws.com/mp3/1f/c9/bws1kng1v.1fc963e8.mp3,True,top 0.1%
tracks/cosmonaut-1aolvmk,top_0_1_percent__cosmonaut-1aolvmk,s3://lucas-audiotool-tracks/mp3/d1/89/cosmonaut-1aolvmk.d18931ce.mp3,https://lucas-audiotool-tracks.s3.amazonaws.com/mp3/d1/89/cosmonaut-1aolvmk.d18931ce.mp3,True,top 0.1%
tracks/electric_love_pilgrim_s_dubstep_remix,top_0_1_percent__electric_love_pilgrim_s_dubstep_remix,s3://lucas-audiotool-tracks/mp3/a4/49/electric_love_pilgrim_s_dubstep_remix.a449c453.mp3,https://lucas-audiotool-tracks.s3.amazonaws.com/mp3/a4/49/electric_love_pilgrim_s_dubstep_remix.a449c453.mp3,True,top 0.1%
tracks/dirty_dan_dubstep,top_0_1_percent__dirty_dan_dubstep,s3://lucas-audiotool-tracks/mp3/7b/ff/dirty_dan_dubstep.7bffcf49.mp3,https://lucas-audiotool-tracks.s3.amazonaws.com/mp3/7b/ff/dirty_dan_dubstep.7bffcf49.mp3,True,top 0.1%
tracks/another_life_vocals_by_kraziekammie_rec_in_at,top_0_1_percent__another_life_vocals_by_kraziekammie_rec_in_at,s3://lucas-audiotool-tracks/mp3/1b/27/another_life_vocals_by_kraziekammie_rec_in_at.1b27a649.mp3,https://lucas-audiotool-tracks.s3.amazonaws.com/mp3/1b/27/another_life_vocals_by_kraziekammie_rec_in_at.1b27a649.mp3,True,top 0.1%
tracks/psy_-_gangnam_style_waveformremix_syntax_remix,top_0_1_percent__psy_-_gangnam_style_waveformremix_syntax_remix,s3://lucas-audiotool-tracks/mp3/7e/42/psy_-_gangnam_style_waveformremix_syntax_remix.7e426b68.mp3,https://lucas-audiotool-tracks.s3.amazonaws.com/mp3/7e/42/psy_-_gangnam_style_waveformremix_syntax_remix.7e426b68.mp3,True,top 0.1%
tracks/legaia,top_0_1_percent__legaia,s3://lucas-audiotool-tracks/mp3/f4/8c/legaia.f48ce295.mp3,https://lucas-audiotool-tracks.s3.amazonaws.com/mp3/f4/8c/legaia.f48ce295.mp3,True,top 0.1%
tracks/w_kav,top_0_1_percent__w_kav,s3://lucas-audiotool-tracks/mp3/f0/b5/w_kav.f0b51d6d.mp3,https://lucas-audiotool-tracks.s3.amazonaws.com/mp3/f0/b5/w_kav.f0b51d6d.mp3,True,top 0.1%
tracks/renegade_full,top_0_1_percent__renegade_full,s3://lucas-audiotool-tracks/mp3/69/61/renegade_full.6961d9d8.mp3,https://lucas-audiotool-tracks.s3.amazonaws.com/mp3/69/61/renegade_full.6961d9d8.mp3,True,top 0.1%
tracks/finding_the_booty,top_0_1_percent__finding_the_booty,s3://lucas-audiotool-tracks/mp3/f6/35/finding_the_booty.f635aa36.mp3,https://lucas-audiotool-tracks.s3.amazonaws.com/mp3/f6/35/finding_the_booty.f635aa36.mp3,True,top 0.1%
tracks/levels_-_avicii,top_0_1_percent__levels_-_avicii,s3://lucas-audiotool-tracks/mp3/0b/cc/levels_-_avicii.0bcc23be.mp3,https://lucas-audiotool-tracks.s3.amazonaws.com/mp3/0b/cc/levels_-_avicii.0bcc23be.mp3,True,top 0.1%
tracks/ywdyb8zfltww,top_0_1_percent__ywdyb8zfltww,s3://lucas-audiotool-tracks/mp3/61/98/ywdyb8zfltww.6198f95b.mp3,https://lucas-audiotool-tracks.s3.amazonaws.com/mp3/61/98/ywdyb8zfltww.6198f95b.mp3,True,top 0.1%
tracks/stargaze-b93zw54m,top_0_1_percent__stargaze-b93zw54m,s3://lucas-audiotool-tracks/mp3/77/60/stargaze-b93zw54m.77606af2.mp3,https://lucas-audiotool-tracks.s3.amazonaws.com/mp3/77/60/stargaze-b93zw54m.77606af2.mp3,True,top 0.1%
tracks/x37h96z1xt3,top_0_1_percent__x37h96z1xt3,s3://lucas-audiotool-tracks/mp3/96/c9/x37h96z1xt3.96c90ea7.mp3,https://lucas-audiotool-tracks.s3.amazonaws.com/mp3/96/c9/x37h96z1xt3.96c90ea7.mp3,True,top 0.1%
tracks/legend-0bakagt,top_0_1_percent__legend-0bakagt,s3://lucas-audiotool-tracks/mp3/74/38/legend-0bakagt.7438f2a7.mp3,https://lucas-audiotool-tracks.s3.amazonaws.com/mp3/74/38/legend-0bakagt.7438f2a7.mp3,True,top 0.1%
tracks/ej1xjphyj49p,top_0_1_percent__ej1xjphyj49p,s3://lucas-audiotool-tracks/mp3/52/b4/ej1xjphyj49p.52b428d0.mp3,https://lucas-audiotool-tracks.s3.amazonaws.com/mp3/52/b4/ej1xjphyj49p.52b428d0.mp3,True,top 0.1%
tracks/je_t_aime-kw5l9f,top_0_1_percent__je_t_aime-kw5l9f,s3://lucas-audiotool-tracks/mp3/a7/0e/je_t_aime-kw5l9f.a70e438a.mp3,https://lucas-audiotool-tracks.s3.amazonaws.com/mp3/a7/0e/je_t_aime-kw5l9f.a70e438a.mp3,True,top 0.1%
tracks/i_just_i_animals_mashup,top_0_1_percent__i_just_i_animals_mashup,s3://lucas-audiotool-tracks/mp3/d3/ec/i_just_i_animals_mashup.d3ecaccc.mp3,https://lucas-audiotool-tracks.s3.amazonaws.com/mp3/d3/ec/i_just_i_animals_mashup.d3ecaccc.mp3,True,top 0.1%
tracks/frost_bite-bek2fbits,top_0_1_percent__frost_bite-bek2fbits,s3://lucas-audiotool-tracks/mp3/34/b7/frost_bite-bek2fbits.34b71bdd.mp3,https://lucas-audiotool-tracks.s3.amazonaws.com/mp3/34/b7/frost_bite-bek2fbits.34b71bdd.mp3,True,top 0.1%
tracks/blast_off-joou5jakt,top_0_1_percent__blast_off-joou5jakt,s3://lucas-audiotool-tracks/mp3/21/ad/blast_off-joou5jakt.21ad161b.mp3,https://lucas-audiotool-tracks.s3.amazonaws.com/mp3/21/ad/blast_off-joou5jakt.21ad161b.mp3,True,top 0.1%
tracks/cathode_knights,top_0_1_percent__cathode_knights,s3://lucas-audiotool-tracks/mp3/d8/b4/cathode_knights.d8b4be7f.mp3,https://lucas-audiotool-tracks.s3.amazonaws.com/mp3/d8/b4/cathode_knights.d8b4be7f.mp3,True,top 0.1%
tracks/thrive-pl36wm6,top_0_1_percent__thrive-pl36wm6,s3://lucas-audiotool-tracks/mp3/c4/5e/thrive-pl36wm6.c45ee41a.mp3,https://lucas-audiotool-tracks.s3.amazonaws.com/mp3/c4/5e/thrive-pl36wm6.c45ee41a.mp3,True,top 0.1%
tracks/l7ok7gcy9sd,top_0_1_percent__l7ok7gcy9sd,s3://lucas-audiotool-tracks/mp3/4c/6a/l7ok7gcy9sd.4c6a349e.mp3,https://lucas-audiotool-tracks.s3.amazonaws.com/mp3/4c/6a/l7ok7gcy9sd.4c6a349e.mp3,True,top 0.1%
tracks/the_acid_threw_my_suit,top_0_1_percent__the_acid_threw_my_suit,s3://lucas-audiotool-tracks/mp3/8e/8b/the_acid_threw_my_suit.8e8b516e.mp3,https://lucas-audiotool-tracks.s3.amazonaws.com/mp3/8e/8b/the_acid_threw_my_suit.8e8b516e.mp3,True,top 0.1%
tracks/computer_friend,top_0_1_percent__computer_friend,s3://lucas-audiotool-tracks/mp3/97/65/computer_friend.97651dda.mp3,https://lucas-audiotool-tracks.s3.amazonaws.com/mp3/97/65/computer_friend.97651dda.mp3,True,top 0.1%
tracks/cogito_ergo_doleo,top_0_1_percent__cogito_ergo_doleo,s3://lucas-audiotool-tracks/mp3/6c/9f/cogito_ergo_doleo.6c9fe288.mp3,https://lucas-audiotool-tracks.s3.amazonaws.com/mp3/6c/9f/cogito_ergo_doleo.6c9fe288.mp3,True,top 0.1%
tracks/1k_kryptic_remix,top_0_1_percent__1k_kryptic_remix,s3://lucas-audiotool-tracks/mp3/25/47/1k_kryptic_remix.25479296.mp3,https://lucas-audiotool-tracks.s3.amazonaws.com/mp3/25/47/1k_kryptic_remix.25479296.mp3,True,top 0.1%
tracks/cmd-rpqlrzxt,top_0_1_percent__cmd-rpqlrzxt,s3://lucas-audiotool-tracks/mp3/9e/13/cmd-rpqlrzxt.9e137091.mp3,https://lucas-audiotool-tracks.s3.amazonaws.com/mp3/9e/13/cmd-rpqlrzxt.9e137091.mp3,True,top 0.1%
tracks/c4kbgo5a3fx,top_0_1_percent__c4kbgo5a3fx,s3://lucas-audiotool-tracks/mp3/6f/ce/c4kbgo5a3fx.6fce01af.mp3,https://lucas-audiotool-tracks.s3.amazonaws.com/mp3/6f/ce/c4kbgo5a3fx.6fce01af.mp3,True,top 0.1%
tracks/trap_kid_challenge,top_0_1_percent__trap_kid_challenge,s3://lucas-audiotool-tracks/mp3/00/02/trap_kid_challenge.0002f2ab.mp3,https://lucas-audiotool-tracks.s3.amazonaws.com/mp3/00/02/trap_kid_challenge.0002f2ab.mp3,True,top 0.1%
tracks/stardrops,top_0_1_percent__stardrops,s3://lucas-audiotool-tracks/mp3/23/80/stardrops.2380a28a.mp3,https://lucas-audiotool-tracks.s3.amazonaws.com/mp3/23/80/stardrops.2380a28a.mp3,True,top 0.1%
tracks/kitsch,top_0_1_percent__kitsch,s3://lucas-audiotool-tracks/mp3/e4/fa/kitsch.e4fad7db.mp3,https://lucas-audiotool-tracks.s3.amazonaws.com/mp3/e4/fa/kitsch.e4fad7db.mp3,True,top 0.1%
tracks/forest_troll_demo,top_0_1_percent__forest_troll_demo,s3://lucas-audiotool-tracks/mp3/85/cd/forest_troll_demo.85cd54bd.mp3,https://lucas-audiotool-tracks.s3.amazonaws.com/mp3/85/cd/forest_troll_demo.85cd54bd.mp3,True,top 0.1%
tracks/positrak,top_0_1_percent__positrak,s3://lucas-audiotool-tracks/mp3/12/0e/positrak.120ef881.mp3,https://lucas-audiotool-tracks.s3.amazonaws.com/mp3/12/0e/positrak.120ef881.mp3,True,top 0.1%
tracks/pulversoppa,top_0_1_percent__pulversoppa,s3://lucas-audiotool-tracks/mp3/a6/c8/pulversoppa.a6c8b198.mp3,https://lucas-audiotool-tracks.s3.amazonaws.com/mp3/a6/c8/pulversoppa.a6c8b198.mp3,True,top 0.1%
tracks/iuvlxv9f,top_0_1_percent__iuvlxv9f,s3://lucas-audiotool-tracks/mp3/92/b8/iuvlxv9f.92b82f54.mp3,https://lucas-audiotool-tracks.s3.amazonaws.com/mp3/92/b8/iuvlxv9f.92b82f54.mp3,True,top 0.1%
tracks/stare_at_the_sun,top_0_1_percent__stare_at_the_sun,s3://lucas-audiotool-tracks/mp3/5c/c6/stare_at_the_sun.5cc65945.mp3,https://lucas-audiotool-tracks.s3.amazonaws.com/mp3/5c/c6/stare_at_the_sun.5cc65945.mp3,True,top 0.1%
tracks/electron-imqcme2u,top_0_1_percent__electron-imqcme2u,s3://lucas-audiotool-tracks/mp3/b4/2f/electron-imqcme2u.b42f1f4e.mp3,https://lucas-audiotool-tracks.s3.amazonaws.com/mp3/b4/2f/electron-imqcme2u.b42f1f4e.mp3,True,top 0.1%
tracks/stars_flow_like_water,top_0_1_percent__stars_flow_like_water,s3://lucas-audiotool-tracks/mp3/6c/23/stars_flow_like_water.6c23c87f.mp3,https://lucas-audiotool-tracks.s3.amazonaws.com/mp3/6c/23/stars_flow_like_water.6c23c87f.mp3,True,top 0.1%
tracks/let_go-btp7pr,top_0_1_percent__let_go-btp7pr,s3://lucas-audiotool-tracks/mp3/66/fe/let_go-btp7pr.66fe2524.mp3,https://lucas-audiotool-tracks.s3.amazonaws.com/mp3/66/fe/let_go-btp7pr.66fe2524.mp3,True,top 0.1%
tracks/split_original_mix,top_0_1_percent__split_original_mix,s3://lucas-audiotool-tracks/mp3/95/06/split_original_mix.95067abb.mp3,https://lucas-audiotool-tracks.s3.amazonaws.com/mp3/95/06/split_original_mix.95067abb.mp3,True,top 0.1%
tracks/second_impressions,top_0_1_percent__second_impressions,s3://lucas-audiotool-tracks/mp3/a8/4b/second_impressions.a84bfaff.mp3,https://lucas-audiotool-tracks.s3.amazonaws.com/mp3/a8/4b/second_impressions.a84bfaff.mp3,True,top 0.1%
tracks/future_comforts,top_0_1_percent__future_comforts,s3://lucas-audiotool-tracks/mp3/2e/d7/future_comforts.2ed74e33.mp3,https://lucas-audiotool-tracks.s3.amazonaws.com/mp3/2e/d7/future_comforts.2ed74e33.mp3,True,top 0.1%
