track_id,pair_id,s3_url,http_url,is_parent
tracks/alan_walker_-_spectre_remix,alan_walker_-_spectre_remix__hoi-epzrzce,s3://lucas-audiotool-tracks/mp3/b9/b7/alan_walker_-_spectre_remix.b9b77fef.mp3,https://lucas-audiotool-tracks.s3.amazonaws.com/mp3/b9/b7/alan_walker_-_spectre_remix.b9b77fef.mp3,True
tracks/hoi-epzrzce,alan_walker_-_spectre_remix__hoi-epzrzce,s3://lucas-audiotool-tracks/mp3/51/4e/hoi-epzrzce.514eb0f7.mp3,https://lucas-audiotool-tracks.s3.amazonaws.com/mp3/51/4e/hoi-epzrzce.514eb0f7.mp3,False
tracks/100_follower_remix_contest_make_me_cry_tears_of_joy,100_follower_remix_contest_make_me_cry_tears_of_joy__100_follower_remix_contest_aringrey_entry,s3://lucas-audiotool-tracks/mp3/15/29/100_follower_remix_contest_make_me_cry_tears_of_joy.15292a6c.mp3,https://lucas-audiotool-tracks.s3.amazonaws.com/mp3/15/29/100_follower_remix_contest_make_me_cry_tears_of_joy.15292a6c.mp3,True
tracks/100_follower_remix_contest_aringrey_entry,100_follower_remix_contest_make_me_cry_tears_of_joy__100_follower_remix_contest_aringrey_entry,s3://lucas-audiotool-tracks/mp3/f6/be/100_follower_remix_contest_aringrey_entry.f6be822a.mp3,https://lucas-audiotool-tracks.s3.amazonaws.com/mp3/f6/be/100_follower_remix_contest_aringrey_entry.f6be822a.mp3,False
tracks/daft_punk_derezzed_live_set-nrtey,daft_punk_derezzed_live_set-nrtey__derezzed_live_set_remix,s3://lucas-audiotool-tracks/mp3/66/46/daft_punk_derezzed_live_set-nrtey.6646654a.mp3,https://lucas-audiotool-tracks.s3.amazonaws.com/mp3/66/46/daft_punk_derezzed_live_set-nrtey.6646654a.mp3,True
tracks/derezzed_live_set_remix,daft_punk_derezzed_live_set-nrtey__derezzed_live_set_remix,s3://lucas-audiotool-tracks/mp3/f8/91/derezzed_live_set_remix.f89104b1.mp3,https://lucas-audiotool-tracks.s3.amazonaws.com/mp3/f8/91/derezzed_live_set_remix.f89104b1.mp3,False
tracks/dm_productions_remix_competition_200_followers,dm_productions_remix_competition_200_followers__dm_productions_200_followers_remix_2,s3://lucas-audiotool-tracks/mp3/a3/ed/dm_productions_remix_competition_200_followers.a3edbe2c.mp3,https://lucas-audiotool-tracks.s3.amazonaws.com/mp3/a3/ed/dm_productions_remix_competition_200_followers.a3edbe2c.mp3,True
tracks/dm_productions_200_followers_remix_2,dm_productions_remix_competition_200_followers__dm_productions_200_followers_remix_2,s3://lucas-audiotool-tracks/mp3/c3/e5/dm_productions_200_followers_remix_2.c3e55f20.mp3,https://lucas-audiotool-tracks.s3.amazonaws.com/mp3/c3/e5/dm_productions_200_followers_remix_2.c3e55f20.mp3,False
tracks/7th_grade_muwci_beat_learning_project,7th_grade_muwci_beat_learning_project__angie_beat_thing,s3://lucas-audiotool-tracks/mp3/72/48/7th_grade_muwci_beat_learning_project.72487058.mp3,https://lucas-audiotool-tracks.s3.amazonaws.com/mp3/72/48/7th_grade_muwci_beat_learning_project.72487058.mp3,True
tracks/angie_beat_thing,7th_grade_muwci_beat_learning_project__angie_beat_thing,s3://lucas-audiotool-tracks/mp3/17/7f/angie_beat_thing.177f5eaf.mp3,https://lucas-audiotool-tracks.s3.amazonaws.com/mp3/17/7f/angie_beat_thing.177f5eaf.mp3,False
tracks/avicii-_i_could_be_the_one_remix_contest,avicii-_i_could_be_the_one_remix_contest__no_more_avicii_muffin07_remix,s3://lucas-audiotool-tracks/mp3/f0/d9/avicii-_i_could_be_the_one_remix_contest.f0d9147d.mp3,https://lucas-audiotool-tracks.s3.amazonaws.com/mp3/f0/d9/avicii-_i_could_be_the_one_remix_contest.f0d9147d.mp3,True
tracks/no_more_avicii_muffin07_remix,avicii-_i_could_be_the_one_remix_contest__no_more_avicii_muffin07_remix,s3://lucas-audiotool-tracks/mp3/8b/88/no_more_avicii_muffin07_remix.8b88ab8a.mp3,https://lucas-audiotool-tracks.s3.amazonaws.com/mp3/8b/88/no_more_avicii_muffin07_remix.8b88ab8a.mp3,False
tracks/can_we_change,can_we_change__can_we_change_xrbae,s3://lucas-audiotool-tracks/mp3/35/95/can_we_change.3595a5fe.mp3,https://lucas-audiotool-tracks.s3.amazonaws.com/mp3/35/95/can_we_change.3595a5fe.mp3,True
tracks/can_we_change_xrbae,can_we_change__can_we_change_xrbae,s3://lucas-audiotool-tracks/mp3/65/7a/can_we_change_xrbae.657a9baf.mp3,https://lucas-audiotool-tracks.s3.amazonaws.com/mp3/65/7a/can_we_change_xrbae.657a9baf.mp3,False
tracks/chill_dubstep_test,chill_dubstep_test__dj_slinkstep_remix_contest_kyropracter_remix,s3://lucas-audiotool-tracks/mp3/2e/4b/chill_dubstep_test.2e4b4092.mp3,https://lucas-audiotool-tracks.s3.amazonaws.com/mp3/2e/4b/chill_dubstep_test.2e4b4092.mp3,True
tracks/dj_slinkstep_remix_contest_kyropracter_remix,chill_dubstep_test__dj_slinkstep_remix_contest_kyropracter_remix,s3://lucas-audiotool-tracks/mp3/9e/81/dj_slinkstep_remix_contest_kyropracter_remix.9e814f5a.mp3,https://lucas-audiotool-tracks.s3.amazonaws.com/mp3/9e/81/dj_slinkstep_remix_contest_kyropracter_remix.9e814f5a.mp3,False
tracks/chille_doge,chille_doge__chille_doge-d17wqhvrv,s3://lucas-audiotool-tracks/mp3/7c/ea/chille_doge.7cea8095.mp3,https://lucas-audiotool-tracks.s3.amazonaws.com/mp3/7c/ea/chille_doge.7cea8095.mp3,True
tracks/chille_doge-d17wqhvrv,chille_doge__chille_doge-d17wqhvrv,s3://lucas-audiotool-tracks/mp3/11/d7/chille_doge-d17wqhvrv.11d7a062.mp3,https://lucas-audiotool-tracks.s3.amazonaws.com/mp3/11/d7/chille_doge-d17wqhvrv.11d7a062.mp3,False
tracks/19gccm3m,19gccm3m__lsgb58f9,s3://lucas-audiotool-tracks/mp3/b2/3e/19gccm3m.b23ee0b9.mp3,https://lucas-audiotool-tracks.s3.amazonaws.com/mp3/b2/3e/19gccm3m.b23ee0b9.mp3,True
tracks/lsgb58f9,19gccm3m__lsgb58f9,s3://lucas-audiotool-tracks/mp3/ca/be/lsgb58f9.cabe6869.mp3,https://lucas-audiotool-tracks.s3.amazonaws.com/mp3/ca/be/lsgb58f9.cabe6869.mp3,False
tracks/camion_qui_recule,camion_qui_recule__mario_qui_recule_bah_a_fait_a_audiotooler_remix,s3://lucas-audiotool-tracks/mp3/9b/95/camion_qui_recule.9b95ec06.mp3,https://lucas-audiotool-tracks.s3.amazonaws.com/mp3/9b/95/camion_qui_recule.9b95ec06.mp3,True
tracks/mario_qui_recule_bah_a_fait_a_audiotooler_remix,camion_qui_recule__mario_qui_recule_bah_a_fait_a_audiotooler_remix,s3://lucas-audiotool-tracks/mp3/63/a8/mario_qui_recule_bah_a_fait_a_audiotooler_remix.63a860fb.mp3,https://lucas-audiotool-tracks.s3.amazonaws.com/mp3/63/a8/mario_qui_recule_bah_a_fait_a_audiotooler_remix.63a860fb.mp3,False
tracks/diss_onanc_e,diss_onanc_e__killin_shit-h34ue,s3://lucas-audiotool-tracks/mp3/7b/f0/diss_onanc_e.7bf0fe88.mp3,https://lucas-audiotool-tracks.s3.amazonaws.com/mp3/7b/f0/diss_onanc_e.7bf0fe88.mp3,True
tracks/killin_shit-h34ue,diss_onanc_e__killin_shit-h34ue,s3://lucas-audiotool-tracks/mp3/75/99/killin_shit-h34ue.75995196.mp3,https://lucas-audiotool-tracks.s3.amazonaws.com/mp3/75/99/killin_shit-h34ue.75995196.mp3,False
tracks/drama-auvhb9ov,drama-auvhb9ov__livid,s3://lucas-audiotool-tracks/mp3/43/76/drama-auvhb9ov.4376e5e3.mp3,https://lucas-audiotool-tracks.s3.amazonaws.com/mp3/43/76/drama-auvhb9ov.4376e5e3.mp3,True
tracks/livid,drama-auvhb9ov__livid,s3://lucas-audiotool-tracks/mp3/ba/32/livid.ba32ffd8.mp3,https://lucas-audiotool-tracks.s3.amazonaws.com/mp3/ba/32/livid.ba32ffd8.mp3,False
tracks/christmas_canon_remix_contest,christmas_canon_remix_contest__christmas_canon_dead_n_cyde_remix,s3://lucas-audiotool-tracks/mp3/c0/05/christmas_canon_remix_contest.c005b1ed.mp3,https://lucas-audiotool-tracks.s3.amazonaws.com/mp3/c0/05/christmas_canon_remix_contest.c005b1ed.mp3,True
tracks/christmas_canon_dead_n_cyde_remix,christmas_canon_remix_contest__christmas_canon_dead_n_cyde_remix,s3://lucas-audiotool-tracks/mp3/19/24/christmas_canon_dead_n_cyde_remix.192462bb.mp3,https://lucas-audiotool-tracks.s3.amazonaws.com/mp3/19/24/christmas_canon_dead_n_cyde_remix.192462bb.mp3,False
tracks/a_new_way_remix_contest,a_new_way_remix_contest__a_new_way_remix,s3://lucas-audiotool-tracks/mp3/1f/53/a_new_way_remix_contest.1f534e1d.mp3,https://lucas-audiotool-tracks.s3.amazonaws.com/mp3/1f/53/a_new_way_remix_contest.1f534e1d.mp3,True
tracks/a_new_way_remix,a_new_way_remix_contest__a_new_way_remix,s3://lucas-audiotool-tracks/mp3/03/2a/a_new_way_remix.032afac3.mp3,https://lucas-audiotool-tracks.s3.amazonaws.com/mp3/03/2a/a_new_way_remix.032afac3.mp3,False
tracks/desert-n5lpc,desert-n5lpc__uhz2yv3dd,s3://lucas-audiotool-tracks/mp3/48/5b/desert-n5lpc.485b5b59.mp3,https://lucas-audiotool-tracks.s3.amazonaws.com/mp3/48/5b/desert-n5lpc.485b5b59.mp3,True
tracks/uhz2yv3dd,desert-n5lpc__uhz2yv3dd,s3://lucas-audiotool-tracks/mp3/88/52/uhz2yv3dd.885295a8.mp3,https://lucas-audiotool-tracks.s3.amazonaws.com/mp3/88/52/uhz2yv3dd.885295a8.mp3,False
tracks/break_my_mind_wip,break_my_mind_wip__ajg7bl9anr8,s3://lucas-audiotool-tracks/mp3/3f/a3/break_my_mind_wip.3fa36e83.mp3,https://lucas-audiotool-tracks.s3.amazonaws.com/mp3/3f/a3/break_my_mind_wip.3fa36e83.mp3,True
tracks/ajg7bl9anr8,break_my_mind_wip__ajg7bl9anr8,s3://lucas-audiotool-tracks/mp3/07/42/ajg7bl9anr8.074220e3.mp3,https://lucas-audiotool-tracks.s3.amazonaws.com/mp3/07/42/ajg7bl9anr8.074220e3.mp3,False
tracks/dfg_prod_sensation_trance,dfg_prod_sensation_trance__dfg_prod_sensation_trance_partsunknown_remix,s3://lucas-audiotool-tracks/mp3/37/58/dfg_prod_sensation_trance.37584ab3.mp3,https://lucas-audiotool-tracks.s3.amazonaws.com/mp3/37/58/dfg_prod_sensation_trance.37584ab3.mp3,True
tracks/dfg_prod_sensation_trance_partsunknown_remix,dfg_prod_sensation_trance__dfg_prod_sensation_trance_partsunknown_remix,s3://lucas-audiotool-tracks/mp3/16/31/dfg_prod_sensation_trance_partsunknown_remix.16317197.mp3,https://lucas-audiotool-tracks.s3.amazonaws.com/mp3/16/31/dfg_prod_sensation_trance_partsunknown_remix.16317197.mp3,False
tracks/arrival-ykmgdq,arrival-ykmgdq__song_for_a_school_project,s3://lucas-audiotool-tracks/mp3/0e/b2/arrival-ykmgdq.0eb2f4a9.mp3,https://lucas-audiotool-tracks.s3.amazonaws.com/mp3/0e/b2/arrival-ykmgdq.0eb2f4a9.mp3,True
tracks/song_for_a_school_project,arrival-ykmgdq__song_for_a_school_project,s3://lucas-audiotool-tracks/mp3/29/50/song_for_a_school_project.2950da29.mp3,https://lucas-audiotool-tracks.s3.amazonaws.com/mp3/29/50/song_for_a_school_project.2950da29.mp3,False
tracks/8eehmk0zcxjv,8eehmk0zcxjv__r1wppa2vvom9,s3://lucas-audiotool-tracks/mp3/be/c4/8eehmk0zcxjv.bec4985c.mp3,https://lucas-audiotool-tracks.s3.amazonaws.com/mp3/be/c4/8eehmk0zcxjv.bec4985c.mp3,True
tracks/r1wppa2vvom9,8eehmk0zcxjv__r1wppa2vvom9,s3://lucas-audiotool-tracks/mp3/ce/e9/r1wppa2vvom9.cee9ab25.mp3,https://lucas-audiotool-tracks.s3.amazonaws.com/mp3/ce/e9/r1wppa2vvom9.cee9ab25.mp3,False
tracks/5zbr7q0v,5zbr7q0v__b79pe3vgtls,s3://lucas-audiotool-tracks/mp3/d6/2f/5zbr7q0v.d62fe512.mp3,https://lucas-audiotool-tracks.s3.amazonaws.com/mp3/d6/2f/5zbr7q0v.d62fe512.mp3,True
tracks/b79pe3vgtls,5zbr7q0v__b79pe3vgtls,s3://lucas-audiotool-tracks/mp3/88/03/b79pe3vgtls.88037ce6.mp3,https://lucas-audiotool-tracks.s3.amazonaws.com/mp3/88/03/b79pe3vgtls.88037ce6.mp3,False
tracks/atu_teaser_contest,atu_teaser_contest__atu_teaser_contest_the_disguise_remix,s3://lucas-audiotool-tracks/mp3/7b/6b/atu_teaser_contest.7b6b4192.mp3,https://lucas-audiotool-tracks.s3.amazonaws.com/mp3/7b/6b/atu_teaser_contest.7b6b4192.mp3,True
tracks/atu_teaser_contest_the_disguise_remix,atu_teaser_contest__atu_teaser_contest_the_disguise_remix,s3://lucas-audiotool-tracks/mp3/65/15/atu_teaser_contest_the_disguise_remix.6515ec7a.mp3,https://lucas-audiotool-tracks.s3.amazonaws.com/mp3/65/15/atu_teaser_contest_the_disguise_remix.6515ec7a.mp3,False
tracks/cif313jj28,cif313jj28__3a197qdzby6w,s3://lucas-audiotool-tracks/mp3/30/c9/cif313jj28.30c926bd.mp3,https://lucas-audiotool-tracks.s3.amazonaws.com/mp3/30/c9/cif313jj28.30c926bd.mp3,True
tracks/3a197qdzby6w,cif313jj28__3a197qdzby6w,s3://lucas-audiotool-tracks/mp3/4f/f5/3a197qdzby6w.4ff50a83.mp3,https://lucas-audiotool-tracks.s3.amazonaws.com/mp3/4f/f5/3a197qdzby6w.4ff50a83.mp3,False
tracks/abs_x_lux_-_peripherals,abs_x_lux_-_peripherals__peripherals_remix,s3://lucas-audiotool-tracks/mp3/1b/d7/abs_x_lux_-_peripherals.1bd7646f.mp3,https://lucas-audiotool-tracks.s3.amazonaws.com/mp3/1b/d7/abs_x_lux_-_peripherals.1bd7646f.mp3,True
tracks/peripherals_remix,abs_x_lux_-_peripherals__peripherals_remix,s3://lucas-audiotool-tracks/mp3/e8/d5/peripherals_remix.e8d5aea4.mp3,https://lucas-audiotool-tracks.s3.amazonaws.com/mp3/e8/d5/peripherals_remix.e8d5aea4.mp3,False
tracks/44757,44757__44757_drumless_edit,s3://lucas-audiotool-tracks/mp3/bb/d3/44757.bbd31ee0.mp3,https://lucas-audiotool-tracks.s3.amazonaws.com/mp3/bb/d3/44757.bbd31ee0.mp3,True
tracks/44757_drumless_edit,44757__44757_drumless_edit,s3://lucas-audiotool-tracks/mp3/0a/29/44757_drumless_edit.0a293757.mp3,https://lucas-audiotool-tracks.s3.amazonaws.com/mp3/0a/29/44757_drumless_edit.0a293757.mp3,False
tracks/7xxojm83,7xxojm83__kq2j1jxpz5,s3://lucas-audiotool-tracks/mp3/bb/9d/7xxojm83.bb9d6f27.mp3,https://lucas-audiotool-tracks.s3.amazonaws.com/mp3/bb/9d/7xxojm83.bb9d6f27.mp3,True
tracks/kq2j1jxpz5,7xxojm83__kq2j1jxpz5,s3://lucas-audiotool-tracks/mp3/48/18/kq2j1jxpz5.481870f1.mp3,https://lucas-audiotool-tracks.s3.amazonaws.com/mp3/48/18/kq2j1jxpz5.481870f1.mp3,False
tracks/3ywwzcwch5,3ywwzcwch5__lz9uc9gfl,s3://lucas-audiotool-tracks/mp3/d9/37/3ywwzcwch5.d9370932.mp3,https://lucas-audiotool-tracks.s3.amazonaws.com/mp3/d9/37/3ywwzcwch5.d9370932.mp3,True
tracks/lz9uc9gfl,3ywwzcwch5__lz9uc9gfl,s3://lucas-audiotool-tracks/mp3/ec/5a/lz9uc9gfl.ec5ab298.mp3,https://lucas-audiotool-tracks.s3.amazonaws.com/mp3/ec/5a/lz9uc9gfl.ec5ab298.mp3,False
tracks/don_corleone,don_corleone__gassed_up_shawdy,s3://lucas-audiotool-tracks/mp3/6f/4e/don_corleone.6f4e0fea.mp3,https://lucas-audiotool-tracks.s3.amazonaws.com/mp3/6f/4e/don_corleone.6f4e0fea.mp3,True
tracks/gassed_up_shawdy,don_corleone__gassed_up_shawdy,s3://lucas-audiotool-tracks/mp3/8f/47/gassed_up_shawdy.8f47f7fa.mp3,https://lucas-audiotool-tracks.s3.amazonaws.com/mp3/8f/47/gassed_up_shawdy.8f47f7fa.mp3,False
tracks/5riethsnn7,5riethsnn7__dtxnsf9z81ce,s3://lucas-audiotool-tracks/mp3/f4/f4/5riethsnn7.f4f48c2b.mp3,https://lucas-audiotool-tracks.s3.amazonaws.com/mp3/f4/f4/5riethsnn7.f4f48c2b.mp3,True
tracks/dtxnsf9z81ce,5riethsnn7__dtxnsf9z81ce,s3://lucas-audiotool-tracks/mp3/f2/1b/dtxnsf9z81ce.f21b2816.mp3,https://lucas-audiotool-tracks.s3.amazonaws.com/mp3/f2/1b/dtxnsf9z81ce.f21b2816.mp3,False
tracks/bitcrushed_remix_contest,bitcrushed_remix_contest__bitcrushed_trolled_remix_trolled,s3://lucas-audiotool-tracks/mp3/39/26/bitcrushed_remix_contest.3926ba47.mp3,https://lucas-audiotool-tracks.s3.amazonaws.com/mp3/39/26/bitcrushed_remix_contest.3926ba47.mp3,True
tracks/bitcrushed_trolled_remix_trolled,bitcrushed_remix_contest__bitcrushed_trolled_remix_trolled,s3://lucas-audiotool-tracks/mp3/95/68/bitcrushed_trolled_remix_trolled.9568c388.mp3,https://lucas-audiotool-tracks.s3.amazonaws.com/mp3/95/68/bitcrushed_trolled_remix_trolled.9568c388.mp3,False
tracks/absenc_e_cyka,absenc_e_cyka__7d38yizpcz,s3://lucas-audiotool-tracks/mp3/c2/21/absenc_e_cyka.c221a1a8.mp3,https://lucas-audiotool-tracks.s3.amazonaws.com/mp3/c2/21/absenc_e_cyka.c221a1a8.mp3,True
tracks/7d38yizpcz,absenc_e_cyka__7d38yizpcz,s3://lucas-audiotool-tracks/mp3/56/50/7d38yizpcz.565093b8.mp3,https://lucas-audiotool-tracks.s3.amazonaws.com/mp3/56/50/7d38yizpcz.565093b8.mp3,False
tracks/chainsmokers_-_selfie_p_f_bootleg,chainsmokers_-_selfie_p_f_bootleg__chainsmokers_-_selfie_xpert_remix,s3://lucas-audiotool-tracks/mp3/a8/a8/chainsmokers_-_selfie_p_f_bootleg.a8a88348.mp3,https://lucas-audiotool-tracks.s3.amazonaws.com/mp3/a8/a8/chainsmokers_-_selfie_p_f_bootleg.a8a88348.mp3,True
tracks/chainsmokers_-_selfie_xpert_remix,chainsmokers_-_selfie_p_f_bootleg__chainsmokers_-_selfie_xpert_remix,s3://lucas-audiotool-tracks/mp3/01/21/chainsmokers_-_selfie_xpert_remix.012144f2.mp3,https://lucas-audiotool-tracks.s3.amazonaws.com/mp3/01/21/chainsmokers_-_selfie_xpert_remix.012144f2.mp3,False
tracks/dream-9xxig,dream-9xxig__dream_remix-bkqoeodg0,s3://lucas-audiotool-tracks/mp3/a6/94/dream-9xxig.a694b131.mp3,https://lucas-audiotool-tracks.s3.amazonaws.com/mp3/a6/94/dream-9xxig.a694b131.mp3,True
tracks/dream_remix-bkqoeodg0,dream-9xxig__dream_remix-bkqoeodg0,s3://lucas-audiotool-tracks/mp3/b6/97/dream_remix-bkqoeodg0.b6975fa6.mp3,https://lucas-audiotool-tracks.s3.amazonaws.com/mp3/b6/97/dream_remix-bkqoeodg0.b6975fa6.mp3,False
tracks/5xf5zy0d,5xf5zy0d__zmqac02o6nqi,s3://lucas-audiotool-tracks/mp3/bb/54/5xf5zy0d.bb54f714.mp3,https://lucas-audiotool-tracks.s3.amazonaws.com/mp3/bb/54/5xf5zy0d.bb54f714.mp3,True
tracks/zmqac02o6nqi,5xf5zy0d__zmqac02o6nqi,s3://lucas-audiotool-tracks/mp3/df/99/zmqac02o6nqi.df9929f6.mp3,https://lucas-audiotool-tracks.s3.amazonaws.com/mp3/df/99/zmqac02o6nqi.df9929f6.mp3,False
tracks/5xfytuftvkm,5xfytuftvkm__5ibthsys1g,s3://lucas-audiotool-tracks/mp3/76/ca/5xfytuftvkm.76caa2a5.mp3,https://lucas-audiotool-tracks.s3.amazonaws.com/mp3/76/ca/5xfytuftvkm.76caa2a5.mp3,True
tracks/5ibthsys1g,5xfytuftvkm__5ibthsys1g,s3://lucas-audiotool-tracks/mp3/b9/79/5ibthsys1g.b9792b8f.mp3,https://lucas-audiotool-tracks.s3.amazonaws.com/mp3/b9/79/5ibthsys1g.b9792b8f.mp3,False
tracks/6rvnqxj82bn,6rvnqxj82bn__8o35lvqwqlvm,s3://lucas-audiotool-tracks/mp3/ab/48/6rvnqxj82bn.ab489ea2.mp3,https://lucas-audiotool-tracks.s3.amazonaws.com/mp3/ab/48/6rvnqxj82bn.ab489ea2.mp3,True
tracks/8o35lvqwqlvm,6rvnqxj82bn__8o35lvqwqlvm,s3://lucas-audiotool-tracks/mp3/13/3c/8o35lvqwqlvm.133cf279.mp3,https://lucas-audiotool-tracks.s3.amazonaws.com/mp3/13/3c/8o35lvqwqlvm.133cf279.mp3,False
tracks/808money,808money__thf_teamhustle_tha_family,s3://lucas-audiotool-tracks/mp3/18/a9/808money.18a92fc8.mp3,https://lucas-audiotool-tracks.s3.amazonaws.com/mp3/18/a9/808money.18a92fc8.mp3,True
tracks/thf_teamhustle_tha_family,808money__thf_teamhustle_tha_family,s3://lucas-audiotool-tracks/mp3/0b/ee/thf_teamhustle_tha_family.0beeb1ba.mp3,https://lucas-audiotool-tracks.s3.amazonaws.com/mp3/0b/ee/thf_teamhustle_tha_family.0beeb1ba.mp3,False
tracks/3ywwzcwch5,3ywwzcwch5__hbspdms7d,s3://lucas-audiotool-tracks/mp3/d9/37/3ywwzcwch5.d9370932.mp3,https://lucas-audiotool-tracks.s3.amazonaws.com/mp3/d9/37/3ywwzcwch5.d9370932.mp3,True
tracks/hbspdms7d,3ywwzcwch5__hbspdms7d,s3://lucas-audiotool-tracks/mp3/72/57/hbspdms7d.725773aa.mp3,https://lucas-audiotool-tracks.s3.amazonaws.com/mp3/72/57/hbspdms7d.725773aa.mp3,False
tracks/as_the_white_noise_carries_you_net,as_the_white_noise_carries_you_net__some_days_are_just,s3://lucas-audiotool-tracks/mp3/30/b4/as_the_white_noise_carries_you_net.30b441a3.mp3,https://lucas-audiotool-tracks.s3.amazonaws.com/mp3/30/b4/as_the_white_noise_carries_you_net.30b441a3.mp3,True
tracks/some_days_are_just,as_the_white_noise_carries_you_net__some_days_are_just,s3://lucas-audiotool-tracks/mp3/d1/e3/some_days_are_just.d1e392a5.mp3,https://lucas-audiotool-tracks.s3.amazonaws.com/mp3/d1/e3/some_days_are_just.d1e392a5.mp3,False
tracks/collab_tm88_type_beat,collab_tm88_type_beat__lil_findi_d_av_g3k,s3://lucas-audiotool-tracks/mp3/ad/cb/collab_tm88_type_beat.adcb5860.mp3,https://lucas-audiotool-tracks.s3.amazonaws.com/mp3/ad/cb/collab_tm88_type_beat.adcb5860.mp3,True
tracks/lil_findi_d_av_g3k,collab_tm88_type_beat__lil_findi_d_av_g3k,s3://lucas-audiotool-tracks/mp3/98/24/lil_findi_d_av_g3k.98245878.mp3,https://lucas-audiotool-tracks.s3.amazonaws.com/mp3/98/24/lil_findi_d_av_g3k.98245878.mp3,False
tracks/beam_remix_beat,beam_remix_beat__lil_durk_beam_remix_beat,s3://lucas-audiotool-tracks/mp3/0f/51/beam_remix_beat.0f515d07.mp3,https://lucas-audiotool-tracks.s3.amazonaws.com/mp3/0f/51/beam_remix_beat.0f515d07.mp3,True
tracks/lil_durk_beam_remix_beat,beam_remix_beat__lil_durk_beam_remix_beat,s3://lucas-audiotool-tracks/mp3/af/08/lil_durk_beam_remix_beat.af0882b8.mp3,https://lucas-audiotool-tracks.s3.amazonaws.com/mp3/af/08/lil_durk_beam_remix_beat.af0882b8.mp3,False
tracks/400_remix_competition,400_remix_competition__400_ambient,s3://lucas-audiotool-tracks/mp3/14/ae/400_remix_competition.14aefe05.mp3,https://lucas-audiotool-tracks.s3.amazonaws.com/mp3/14/ae/400_remix_competition.14aefe05.mp3,True
tracks/400_ambient,400_remix_competition__400_ambient,s3://lucas-audiotool-tracks/mp3/63/70/400_ambient.637033d9.mp3,https://lucas-audiotool-tracks.s3.amazonaws.com/mp3/63/70/400_ambient.637033d9.mp3,False
tracks/0nxhqw41i,0nxhqw41i__g3nj82wjl,s3://lucas-audiotool-tracks/mp3/7b/4b/0nxhqw41i.7b4bab52.mp3,https://lucas-audiotool-tracks.s3.amazonaws.com/mp3/7b/4b/0nxhqw41i.7b4bab52.mp3,True
tracks/g3nj82wjl,0nxhqw41i__g3nj82wjl,s3://lucas-audiotool-tracks/mp3/1c/4d/g3nj82wjl.1c4d5a6e.mp3,https://lucas-audiotool-tracks.s3.amazonaws.com/mp3/1c/4d/g3nj82wjl.1c4d5a6e.mp3,False
tracks/away-akvw8g1k,away-akvw8g1k__away_structure_edit,s3://lucas-audiotool-tracks/mp3/b7/05/away-akvw8g1k.b705b66c.mp3,https://lucas-audiotool-tracks.s3.amazonaws.com/mp3/b7/05/away-akvw8g1k.b705b66c.mp3,True
tracks/away_structure_edit,away-akvw8g1k__away_structure_edit,s3://lucas-audiotool-tracks/mp3/93/e9/away_structure_edit.93e98fe1.mp3,https://lucas-audiotool-tracks.s3.amazonaws.com/mp3/93/e9/away_structure_edit.93e98fe1.mp3,False
tracks/6rvnqxj82bn,6rvnqxj82bn__tk2gdvgab,s3://lucas-audiotool-tracks/mp3/ab/48/6rvnqxj82bn.ab489ea2.mp3,https://lucas-audiotool-tracks.s3.amazonaws.com/mp3/ab/48/6rvnqxj82bn.ab489ea2.mp3,True
tracks/tk2gdvgab,6rvnqxj82bn__tk2gdvgab,s3://lucas-audiotool-tracks/mp3/64/7a/tk2gdvgab.647a5354.mp3,https://lucas-audiotool-tracks.s3.amazonaws.com/mp3/64/7a/tk2gdvgab.647a5354.mp3,False
tracks/ckdb99do,ckdb99do__i0lritv3c08,s3://lucas-audiotool-tracks/mp3/12/54/ckdb99do.1254c59a.mp3,https://lucas-audiotool-tracks.s3.amazonaws.com/mp3/12/54/ckdb99do.1254c59a.mp3,True
tracks/i0lritv3c08,ckdb99do__i0lritv3c08,s3://lucas-audiotool-tracks/mp3/92/f4/i0lritv3c08.92f42669.mp3,https://lucas-audiotool-tracks.s3.amazonaws.com/mp3/92/f4/i0lritv3c08.92f42669.mp3,False
tracks/deep_beat_something,deep_beat_something__something-hbxwyq,s3://lucas-audiotool-tracks/mp3/03/ab/deep_beat_something.03ab0bfa.mp3,https://lucas-audiotool-tracks.s3.amazonaws.com/mp3/03/ab/deep_beat_something.03ab0bfa.mp3,True
tracks/something-hbxwyq,deep_beat_something__something-hbxwyq,s3://lucas-audiotool-tracks/mp3/6c/b8/something-hbxwyq.6cb8c8c5.mp3,https://lucas-audiotool-tracks.s3.amazonaws.com/mp3/6c/b8/something-hbxwyq.6cb8c8c5.mp3,False
tracks/debt_collecta,debt_collecta__the_collector,s3://lucas-audiotool-tracks/mp3/84/2e/debt_collecta.842ebe4d.mp3,https://lucas-audiotool-tracks.s3.amazonaws.com/mp3/84/2e/debt_collecta.842ebe4d.mp3,True
tracks/the_collector,debt_collecta__the_collector,s3://lucas-audiotool-tracks/mp3/3a/8e/the_collector.3a8e4467.mp3,https://lucas-audiotool-tracks.s3.amazonaws.com/mp3/3a/8e/the_collector.3a8e4467.mp3,False
tracks/dda22c7dcld,dda22c7dcld__mjhiw9utid23,s3://lucas-audiotool-tracks/mp3/be/e0/dda22c7dcld.bee07f0d.mp3,https://lucas-audiotool-tracks.s3.amazonaws.com/mp3/be/e0/dda22c7dcld.bee07f0d.mp3,True
tracks/mjhiw9utid23,dda22c7dcld__mjhiw9utid23,s3://lucas-audiotool-tracks/mp3/f8/57/mjhiw9utid23.f8576caa.mp3,https://lucas-audiotool-tracks.s3.amazonaws.com/mp3/f8/57/mjhiw9utid23.f8576caa.mp3,False
tracks/51h0k6k3ewn,51h0k6k3ewn__d0jmnvy6,s3://lucas-audiotool-tracks/mp3/58/84/51h0k6k3ewn.58846f65.mp3,https://lucas-audiotool-tracks.s3.amazonaws.com/mp3/58/84/51h0k6k3ewn.58846f65.mp3,True
tracks/d0jmnvy6,51h0k6k3ewn__d0jmnvy6,s3://lucas-audiotool-tracks/mp3/a8/8a/d0jmnvy6.a88a0d89.mp3,https://lucas-audiotool-tracks.s3.amazonaws.com/mp3/a8/8a/d0jmnvy6.a88a0d89.mp3,False
tracks/damned_maze_chocochok_remix,damned_maze_chocochok_remix__cornfield-tcijg,s3://lucas-audiotool-tracks/mp3/79/a8/damned_maze_chocochok_remix.79a88646.mp3,https://lucas-audiotool-tracks.s3.amazonaws.com/mp3/79/a8/damned_maze_chocochok_remix.79a88646.mp3,True
tracks/cornfield-tcijg,damned_maze_chocochok_remix__cornfield-tcijg,s3://lucas-audiotool-tracks/mp3/6e/46/cornfield-tcijg.6e46ccdd.mp3,https://lucas-audiotool-tracks.s3.amazonaws.com/mp3/6e/46/cornfield-tcijg.6e46ccdd.mp3,False
tracks/am_i_trash,am_i_trash__uncover-vecnvt,s3://lucas-audiotool-tracks/mp3/34/04/am_i_trash.3404066b.mp3,https://lucas-audiotool-tracks.s3.amazonaws.com/mp3/34/04/am_i_trash.3404066b.mp3,True
tracks/uncover-vecnvt,am_i_trash__uncover-vecnvt,s3://lucas-audiotool-tracks/mp3/c9/f3/uncover-vecnvt.c9f3b110.mp3,https://lucas-audiotool-tracks.s3.amazonaws.com/mp3/c9/f3/uncover-vecnvt.c9f3b110.mp3,False
tracks/dopemove,dopemove__smpls-vdlduvzl,s3://lucas-audiotool-tracks/mp3/a5/36/dopemove.a5364408.mp3,https://lucas-audiotool-tracks.s3.amazonaws.com/mp3/a5/36/dopemove.a5364408.mp3,True
tracks/smpls-vdlduvzl,dopemove__smpls-vdlduvzl,s3://lucas-audiotool-tracks/mp3/66/d1/smpls-vdlduvzl.66d1df85.mp3,https://lucas-audiotool-tracks.s3.amazonaws.com/mp3/66/d1/smpls-vdlduvzl.66d1df85.mp3,False
tracks/808mafia,808mafia__808mafia-9gico2,s3://lucas-audiotool-tracks/mp3/b5/ab/808mafia.b5ab9f46.mp3,https://lucas-audiotool-tracks.s3.amazonaws.com/mp3/b5/ab/808mafia.b5ab9f46.mp3,True
tracks/808mafia-9gico2,808mafia__808mafia-9gico2,s3://lucas-audiotool-tracks/mp3/43/01/808mafia-9gico2.4301dd06.mp3,https://lucas-audiotool-tracks.s3.amazonaws.com/mp3/43/01/808mafia-9gico2.4301dd06.mp3,False
tracks/9xvmx37wk,9xvmx37wk__lm14pvne55wp,s3://lucas-audiotool-tracks/mp3/2c/50/9xvmx37wk.2c504ab4.mp3,https://lucas-audiotool-tracks.s3.amazonaws.com/mp3/2c/50/9xvmx37wk.2c504ab4.mp3,True
tracks/lm14pvne55wp,9xvmx37wk__lm14pvne55wp,s3://lucas-audiotool-tracks/mp3/97/a7/lm14pvne55wp.97a7bacd.mp3,https://lucas-audiotool-tracks.s3.amazonaws.com/mp3/97/a7/lm14pvne55wp.97a7bacd.mp3,False
tracks/b7a9mspmb,b7a9mspmb__tuaslo2mw6,s3://lucas-audiotool-tracks/mp3/e0/75/b7a9mspmb.e075a2e7.mp3,https://lucas-audiotool-tracks.s3.amazonaws.com/mp3/e0/75/b7a9mspmb.e075a2e7.mp3,True
tracks/tuaslo2mw6,b7a9mspmb__tuaslo2mw6,s3://lucas-audiotool-tracks/mp3/16/b0/tuaslo2mw6.16b07357.mp3,https://lucas-audiotool-tracks.s3.amazonaws.com/mp3/16/b0/tuaslo2mw6.16b07357.mp3,False
tracks/compulsion_ft_toki,compulsion_ft_toki__o7zzpv7dqe5u,s3://lucas-audiotool-tracks/mp3/ce/b1/compulsion_ft_toki.ceb1941f.mp3,https://lucas-audiotool-tracks.s3.amazonaws.com/mp3/ce/b1/compulsion_ft_toki.ceb1941f.mp3,True
tracks/o7zzpv7dqe5u,compulsion_ft_toki__o7zzpv7dqe5u,s3://lucas-audiotool-tracks/mp3/d5/e6/o7zzpv7dqe5u.d5e61736.mp3,https://lucas-audiotool-tracks.s3.amazonaws.com/mp3/d5/e6/o7zzpv7dqe5u.d5e61736.mp3,False
tracks/atu_podcast_show_jingle_contest,atu_podcast_show_jingle_contest__atu_podcast_show_jingle_contest_electro,s3://lucas-audiotool-tracks/mp3/85/a4/atu_podcast_show_jingle_contest.85a41772.mp3,https://lucas-audiotool-tracks.s3.amazonaws.com/mp3/85/a4/atu_podcast_show_jingle_contest.85a41772.mp3,True
tracks/atu_podcast_show_jingle_contest_electro,atu_podcast_show_jingle_contest__atu_podcast_show_jingle_contest_electro,s3://lucas-audiotool-tracks/mp3/78/ad/atu_podcast_show_jingle_contest_electro.78adade4.mp3,https://lucas-audiotool-tracks.s3.amazonaws.com/mp3/78/ad/atu_podcast_show_jingle_contest_electro.78adade4.mp3,False
tracks/bo389btq,bo389btq__rsr99mz6ztr,s3://lucas-audiotool-tracks/mp3/cb/75/bo389btq.cb759a16.mp3,https://lucas-audiotool-tracks.s3.amazonaws.com/mp3/cb/75/bo389btq.cb759a16.mp3,True
tracks/rsr99mz6ztr,bo389btq__rsr99mz6ztr,s3://lucas-audiotool-tracks/mp3/3f/2c/rsr99mz6ztr.3f2c5bca.mp3,https://lucas-audiotool-tracks.s3.amazonaws.com/mp3/3f/2c/rsr99mz6ztr.3f2c5bca.mp3,False
tracks/djmke_remix_contest,djmke_remix_contest__djmke_remix_contest_raymond_amaya_remix,s3://lucas-audiotool-tracks/mp3/fe/8a/djmke_remix_contest.fe8a05d4.mp3,https://lucas-audiotool-tracks.s3.amazonaws.com/mp3/fe/8a/djmke_remix_contest.fe8a05d4.mp3,True
tracks/djmke_remix_contest_raymond_amaya_remix,djmke_remix_contest__djmke_remix_contest_raymond_amaya_remix,s3://lucas-audiotool-tracks/mp3/3a/a2/djmke_remix_contest_raymond_amaya_remix.3aa29e07.mp3,https://lucas-audiotool-tracks.s3.amazonaws.com/mp3/3a/a2/djmke_remix_contest_raymond_amaya_remix.3aa29e07.mp3,False
tracks/dark_failure_intro,dark_failure_intro__dark_failure_thizzy_remix,s3://lucas-audiotool-tracks/mp3/b4/8a/dark_failure_intro.b48a372f.mp3,https://lucas-audiotool-tracks.s3.amazonaws.com/mp3/b4/8a/dark_failure_intro.b48a372f.mp3,True
tracks/dark_failure_thizzy_remix,dark_failure_intro__dark_failure_thizzy_remix,s3://lucas-audiotool-tracks/mp3/43/5c/dark_failure_thizzy_remix.435ceeaf.mp3,https://lucas-audiotool-tracks.s3.amazonaws.com/mp3/43/5c/dark_failure_thizzy_remix.435ceeaf.mp3,False
tracks/8knw6e84gu,8knw6e84gu__1pbgzjzl,s3://lucas-audiotool-tracks/mp3/ea/0c/8knw6e84gu.ea0c1532.mp3,https://lucas-audiotool-tracks.s3.amazonaws.com/mp3/ea/0c/8knw6e84gu.ea0c1532.mp3,True
tracks/1pbgzjzl,8knw6e84gu__1pbgzjzl,s3://lucas-audiotool-tracks/mp3/31/6e/1pbgzjzl.316e5d5c.mp3,https://lucas-audiotool-tracks.s3.amazonaws.com/mp3/31/6e/1pbgzjzl.316e5d5c.mp3,False
tracks/411pnxtmk,411pnxtmk__j689rpoj,s3://lucas-audiotool-tracks/mp3/59/c6/411pnxtmk.59c61787.mp3,https://lucas-audiotool-tracks.s3.amazonaws.com/mp3/59/c6/411pnxtmk.59c61787.mp3,True
tracks/j689rpoj,411pnxtmk__j689rpoj,s3://lucas-audiotool-tracks/mp3/6d/4c/j689rpoj.6d4cc328.mp3,https://lucas-audiotool-tracks.s3.amazonaws.com/mp3/6d/4c/j689rpoj.6d4cc328.mp3,False
tracks/avicii-wake_me_up_brofists_n_bass-beats_remix_preview-0frohdwl,avicii-wake_me_up_brofists_n_bass-beats_remix_preview-0frohdwl__blackwhite-wake_me_up_feat_avicii,s3://lucas-audiotool-tracks/mp3/b2/29/avicii-wake_me_up_brofists_n_bass-beats_remix_preview-0frohdwl.b22982b7.mp3,https://lucas-audiotool-tracks.s3.amazonaws.com/mp3/b2/29/avicii-wake_me_up_brofists_n_bass-beats_remix_preview-0frohdwl.b22982b7.mp3,True
tracks/blackwhite-wake_me_up_feat_avicii,avicii-wake_me_up_brofists_n_bass-beats_remix_preview-0frohdwl__blackwhite-wake_me_up_feat_avicii,s3://lucas-audiotool-tracks/mp3/b3/ac/blackwhite-wake_me_up_feat_avicii.b3ac5a7e.mp3,https://lucas-audiotool-tracks.s3.amazonaws.com/mp3/b3/ac/blackwhite-wake_me_up_feat_avicii.b3ac5a7e.mp3,False
tracks/a_lot_on_my_mind_drake_type-beat,a_lot_on_my_mind_drake_type-beat__a_lot_on_my_mind_drake_type-beat_flashproductions,s3://lucas-audiotool-tracks/mp3/29/13/a_lot_on_my_mind_drake_type-beat.2913549c.mp3,https://lucas-audiotool-tracks.s3.amazonaws.com/mp3/29/13/a_lot_on_my_mind_drake_type-beat.2913549c.mp3,True
tracks/a_lot_on_my_mind_drake_type-beat_flashproductions,a_lot_on_my_mind_drake_type-beat__a_lot_on_my_mind_drake_type-beat_flashproductions,s3://lucas-audiotool-tracks/mp3/f9/e0/a_lot_on_my_mind_drake_type-beat_flashproductions.f9e05ec7.mp3,https://lucas-audiotool-tracks.s3.amazonaws.com/mp3/f9/e0/a_lot_on_my_mind_drake_type-beat_flashproductions.f9e05ec7.mp3,False
tracks/9hkdjvf1sd,9hkdjvf1sd__cnbtksfkme,s3://lucas-audiotool-tracks/mp3/6d/15/9hkdjvf1sd.6d15067f.mp3,https://lucas-audiotool-tracks.s3.amazonaws.com/mp3/6d/15/9hkdjvf1sd.6d15067f.mp3,True
tracks/cnbtksfkme,9hkdjvf1sd__cnbtksfkme,s3://lucas-audiotool-tracks/mp3/bc/ea/cnbtksfkme.bcea7f87.mp3,https://lucas-audiotool-tracks.s3.amazonaws.com/mp3/bc/ea/cnbtksfkme.bcea7f87.mp3,False
tracks/400_remix_competition,400_remix_competition__400-6ftw3bruq,s3://lucas-audiotool-tracks/mp3/14/ae/400_remix_competition.14aefe05.mp3,https://lucas-audiotool-tracks.s3.amazonaws.com/mp3/14/ae/400_remix_competition.14aefe05.mp3,True
tracks/400-6ftw3bruq,400_remix_competition__400-6ftw3bruq,s3://lucas-audiotool-tracks/mp3/f4/e3/400-6ftw3bruq.f4e34a23.mp3,https://lucas-audiotool-tracks.s3.amazonaws.com/mp3/f4/e3/400-6ftw3bruq.f4e34a23.mp3,False
tracks/bedford_falls,bedford_falls__bedford_falls_-_tic_edit,s3://lucas-audiotool-tracks/mp3/3c/52/bedford_falls.3c52783a.mp3,https://lucas-audiotool-tracks.s3.amazonaws.com/mp3/3c/52/bedford_falls.3c52783a.mp3,True
tracks/bedford_falls_-_tic_edit,bedford_falls__bedford_falls_-_tic_edit,s3://lucas-audiotool-tracks/mp3/c7/34/bedford_falls_-_tic_edit.c734b047.mp3,https://lucas-audiotool-tracks.s3.amazonaws.com/mp3/c7/34/bedford_falls_-_tic_edit.c734b047.mp3,False
tracks/batmans_trap,batmans_trap__v1gzn7q1o9xu,s3://lucas-audiotool-tracks/mp3/d1/02/batmans_trap.d102c6ef.mp3,https://lucas-audiotool-tracks.s3.amazonaws.com/mp3/d1/02/batmans_trap.d102c6ef.mp3,True
tracks/v1gzn7q1o9xu,batmans_trap__v1gzn7q1o9xu,s3://lucas-audiotool-tracks/mp3/04/2d/v1gzn7q1o9xu.042db849.mp3,https://lucas-audiotool-tracks.s3.amazonaws.com/mp3/04/2d/v1gzn7q1o9xu.042db849.mp3,False
tracks/0fvkye2yk0,0fvkye2yk0__85f04sjoolt,s3://lucas-audiotool-tracks/mp3/58/56/0fvkye2yk0.585637ce.mp3,https://lucas-audiotool-tracks.s3.amazonaws.com/mp3/58/56/0fvkye2yk0.585637ce.mp3,True
tracks/85f04sjoolt,0fvkye2yk0__85f04sjoolt,s3://lucas-audiotool-tracks/mp3/ea/90/85f04sjoolt.ea904b1c.mp3,https://lucas-audiotool-tracks.s3.amazonaws.com/mp3/ea/90/85f04sjoolt.ea904b1c.mp3,False
tracks/atu_podcast_show_jingle_contest,atu_podcast_show_jingle_contest__atu_podcast_show_jingle_contest_dragz_entry,s3://lucas-audiotool-tracks/mp3/85/a4/atu_podcast_show_jingle_contest.85a41772.mp3,https://lucas-audiotool-tracks.s3.amazonaws.com/mp3/85/a4/atu_podcast_show_jingle_contest.85a41772.mp3,True
tracks/atu_podcast_show_jingle_contest_dragz_entry,atu_podcast_show_jingle_contest__atu_podcast_show_jingle_contest_dragz_entry,s3://lucas-audiotool-tracks/mp3/46/a6/atu_podcast_show_jingle_contest_dragz_entry.46a64ea6.mp3,https://lucas-audiotool-tracks.s3.amazonaws.com/mp3/46/a6/atu_podcast_show_jingle_contest_dragz_entry.46a64ea6.mp3,False
tracks/5uw4bwaa38ib,5uw4bwaa38ib__xcecyzmbkxdw,s3://lucas-audiotool-tracks/mp3/45/a9/5uw4bwaa38ib.45a90382.mp3,https://lucas-audiotool-tracks.s3.amazonaws.com/mp3/45/a9/5uw4bwaa38ib.45a90382.mp3,True
tracks/xcecyzmbkxdw,5uw4bwaa38ib__xcecyzmbkxdw,s3://lucas-audiotool-tracks/mp3/7f/e3/xcecyzmbkxdw.7fe36b81.mp3,https://lucas-audiotool-tracks.s3.amazonaws.com/mp3/7f/e3/xcecyzmbkxdw.7fe36b81.mp3,False
tracks/5c9isd73elqb,5c9isd73elqb__zcf1x5xd,s3://lucas-audiotool-tracks/mp3/43/e8/5c9isd73elqb.43e8e2fc.mp3,https://lucas-audiotool-tracks.s3.amazonaws.com/mp3/43/e8/5c9isd73elqb.43e8e2fc.mp3,True
tracks/zcf1x5xd,5c9isd73elqb__zcf1x5xd,s3://lucas-audiotool-tracks/mp3/e3/c5/zcf1x5xd.e3c5336a.mp3,https://lucas-audiotool-tracks.s3.amazonaws.com/mp3/e3/c5/zcf1x5xd.e3c5336a.mp3,False
tracks/51h0k6k3ewn,51h0k6k3ewn__z55rp672tt,s3://lucas-audiotool-tracks/mp3/58/84/51h0k6k3ewn.58846f65.mp3,https://lucas-audiotool-tracks.s3.amazonaws.com/mp3/58/84/51h0k6k3ewn.58846f65.mp3,True
tracks/z55rp672tt,51h0k6k3ewn__z55rp672tt,s3://lucas-audiotool-tracks/mp3/0c/e6/z55rp672tt.0ce6e6eb.mp3,https://lucas-audiotool-tracks.s3.amazonaws.com/mp3/0c/e6/z55rp672tt.0ce6e6eb.mp3,False
tracks/bubbles-xbeb96cge,bubbles-xbeb96cge__bubbles_remix-cvlmi,s3://lucas-audiotool-tracks/mp3/39/36/bubbles-xbeb96cge.393632dc.mp3,https://lucas-audiotool-tracks.s3.amazonaws.com/mp3/39/36/bubbles-xbeb96cge.393632dc.mp3,True
tracks/bubbles_remix-cvlmi,bubbles-xbeb96cge__bubbles_remix-cvlmi,s3://lucas-audiotool-tracks/mp3/58/70/bubbles_remix-cvlmi.58700f1e.mp3,https://lucas-audiotool-tracks.s3.amazonaws.com/mp3/58/70/bubbles_remix-cvlmi.58700f1e.mp3,False
tracks/12_o_clock,12_o_clock__12_o_clock-z9ynhb,s3://lucas-audiotool-tracks/mp3/d5/5a/12_o_clock.d55aeee8.mp3,https://lucas-audiotool-tracks.s3.amazonaws.com/mp3/d5/5a/12_o_clock.d55aeee8.mp3,True
tracks/12_o_clock-z9ynhb,12_o_clock__12_o_clock-z9ynhb,s3://lucas-audiotool-tracks/mp3/d8/3f/12_o_clock-z9ynhb.d83f615c.mp3,https://lucas-audiotool-tracks.s3.amazonaws.com/mp3/d8/3f/12_o_clock-z9ynhb.d83f615c.mp3,False
tracks/computer_friend_808chunk_remix,computer_friend_808chunk_remix__computer_friend_purefilth_remix,s3://lucas-audiotool-tracks/mp3/95/da/computer_friend_808chunk_remix.95da83b6.mp3,https://lucas-audiotool-tracks.s3.amazonaws.com/mp3/95/da/computer_friend_808chunk_remix.95da83b6.mp3,True
tracks/computer_friend_purefilth_remix,computer_friend_808chunk_remix__computer_friend_purefilth_remix,s3://lucas-audiotool-tracks/mp3/22/01/computer_friend_purefilth_remix.22014d2c.mp3,https://lucas-audiotool-tracks.s3.amazonaws.com/mp3/22/01/computer_friend_purefilth_remix.22014d2c.mp3,False
tracks/dm6pisqq,dm6pisqq__2330yl1qjj,s3://lucas-audiotool-tracks/mp3/d4/28/dm6pisqq.d428707b.mp3,https://lucas-audiotool-tracks.s3.amazonaws.com/mp3/d4/28/dm6pisqq.d428707b.mp3,True
tracks/2330yl1qjj,dm6pisqq__2330yl1qjj,s3://lucas-audiotool-tracks/mp3/7c/74/2330yl1qjj.7c74a97d.mp3,https://lucas-audiotool-tracks.s3.amazonaws.com/mp3/7c/74/2330yl1qjj.7c74a97d.mp3,False
tracks/canulisten,canulisten__canulisten_the_seahorse_remix,s3://lucas-audiotool-tracks/mp3/47/ef/canulisten.47ef96de.mp3,https://lucas-audiotool-tracks.s3.amazonaws.com/mp3/47/ef/canulisten.47ef96de.mp3,True
tracks/canulisten_the_seahorse_remix,canulisten__canulisten_the_seahorse_remix,s3://lucas-audiotool-tracks/mp3/97/6c/canulisten_the_seahorse_remix.976c03ef.mp3,https://lucas-audiotool-tracks.s3.amazonaws.com/mp3/97/6c/canulisten_the_seahorse_remix.976c03ef.mp3,False
tracks/cluxtro_1,cluxtro_1__power_of_1_bsticks_remix,s3://lucas-audiotool-tracks/mp3/53/66/cluxtro_1.53660678.mp3,https://lucas-audiotool-tracks.s3.amazonaws.com/mp3/53/66/cluxtro_1.53660678.mp3,True
tracks/power_of_1_bsticks_remix,cluxtro_1__power_of_1_bsticks_remix,s3://lucas-audiotool-tracks/mp3/b8/54/power_of_1_bsticks_remix.b854a4e0.mp3,https://lucas-audiotool-tracks.s3.amazonaws.com/mp3/b8/54/power_of_1_bsticks_remix.b854a4e0.mp3,False
tracks/08exk4gf,08exk4gf__09veg4dkm5f,s3://lucas-audiotool-tracks/mp3/c5/47/08exk4gf.c54722b3.mp3,https://lucas-audiotool-tracks.s3.amazonaws.com/mp3/c5/47/08exk4gf.c54722b3.mp3,True
tracks/09veg4dkm5f,08exk4gf__09veg4dkm5f,s3://lucas-audiotool-tracks/mp3/81/bc/09veg4dkm5f.81bcee43.mp3,https://lucas-audiotool-tracks.s3.amazonaws.com/mp3/81/bc/09veg4dkm5f.81bcee43.mp3,False
tracks/daydreaming-ijxju9,daydreaming-ijxju9__happy-zlpuw,s3://lucas-audiotool-tracks/mp3/ed/8d/daydreaming-ijxju9.ed8de081.mp3,https://lucas-audiotool-tracks.s3.amazonaws.com/mp3/ed/8d/daydreaming-ijxju9.ed8de081.mp3,True
tracks/happy-zlpuw,daydreaming-ijxju9__happy-zlpuw,s3://lucas-audiotool-tracks/mp3/67/17/happy-zlpuw.671719cb.mp3,https://lucas-audiotool-tracks.s3.amazonaws.com/mp3/67/17/happy-zlpuw.671719cb.mp3,False
tracks/87doc54j6cb0,87doc54j6cb0__tnbkbhjkc7br,s3://lucas-audiotool-tracks/mp3/ad/f4/87doc54j6cb0.adf444f4.mp3,https://lucas-audiotool-tracks.s3.amazonaws.com/mp3/ad/f4/87doc54j6cb0.adf444f4.mp3,True
tracks/tnbkbhjkc7br,87doc54j6cb0__tnbkbhjkc7br,s3://lucas-audiotool-tracks/mp3/fa/86/tnbkbhjkc7br.fa865757.mp3,https://lucas-audiotool-tracks.s3.amazonaws.com/mp3/fa/86/tnbkbhjkc7br.fa865757.mp3,False
tracks/atu_podcast_show_jingle_contest,atu_podcast_show_jingle_contest__atu_podcast_show_jingle_contest_9lives,s3://lucas-audiotool-tracks/mp3/85/a4/atu_podcast_show_jingle_contest.85a41772.mp3,https://lucas-audiotool-tracks.s3.amazonaws.com/mp3/85/a4/atu_podcast_show_jingle_contest.85a41772.mp3,True
tracks/atu_podcast_show_jingle_contest_9lives,atu_podcast_show_jingle_contest__atu_podcast_show_jingle_contest_9lives,s3://lucas-audiotool-tracks/mp3/f7/ee/atu_podcast_show_jingle_contest_9lives.f7ee6cd8.mp3,https://lucas-audiotool-tracks.s3.amazonaws.com/mp3/f7/ee/atu_podcast_show_jingle_contest_9lives.f7ee6cd8.mp3,False
tracks/blips_4_days,blips_4_days__blips_4_days_extended,s3://lucas-audiotool-tracks/mp3/17/e1/blips_4_days.17e1b355.mp3,https://lucas-audiotool-tracks.s3.amazonaws.com/mp3/17/e1/blips_4_days.17e1b355.mp3,True
tracks/blips_4_days_extended,blips_4_days__blips_4_days_extended,s3://lucas-audiotool-tracks/mp3/7e/7f/blips_4_days_extended.7e7f9023.mp3,https://lucas-audiotool-tracks.s3.amazonaws.com/mp3/7e/7f/blips_4_days_extended.7e7f9023.mp3,False
tracks/3ywwzcwch5,3ywwzcwch5__3ypykbxn1,s3://lucas-audiotool-tracks/mp3/d9/37/3ywwzcwch5.d9370932.mp3,https://lucas-audiotool-tracks.s3.amazonaws.com/mp3/d9/37/3ywwzcwch5.d9370932.mp3,True
tracks/3ypykbxn1,3ywwzcwch5__3ypykbxn1,s3://lucas-audiotool-tracks/mp3/bf/b6/3ypykbxn1.bfb6fd6b.mp3,https://lucas-audiotool-tracks.s3.amazonaws.com/mp3/bf/b6/3ypykbxn1.bfb6fd6b.mp3,False
tracks/bye_bae_-_21_savage-aqink6t,bye_bae_-_21_savage-aqink6t__carti_carti_beats,s3://lucas-audiotool-tracks/mp3/38/06/bye_bae_-_21_savage-aqink6t.38068605.mp3,https://lucas-audiotool-tracks.s3.amazonaws.com/mp3/38/06/bye_bae_-_21_savage-aqink6t.38068605.mp3,True
tracks/carti_carti_beats,bye_bae_-_21_savage-aqink6t__carti_carti_beats,s3://lucas-audiotool-tracks/mp3/62/46/carti_carti_beats.62464065.mp3,https://lucas-audiotool-tracks.s3.amazonaws.com/mp3/62/46/carti_carti_beats.62464065.mp3,False
tracks/another_calming_loop_to_fall_asleep_to,another_calming_loop_to_fall_asleep_to__smile-3n0b5olb,s3://lucas-audiotool-tracks/mp3/53/c2/another_calming_loop_to_fall_asleep_to.53c281c3.mp3,https://lucas-audiotool-tracks.s3.amazonaws.com/mp3/53/c2/another_calming_loop_to_fall_asleep_to.53c281c3.mp3,True
tracks/smile-3n0b5olb,another_calming_loop_to_fall_asleep_to__smile-3n0b5olb,s3://lucas-audiotool-tracks/mp3/68/2f/smile-3n0b5olb.682f434a.mp3,https://lucas-audiotool-tracks.s3.amazonaws.com/mp3/68/2f/smile-3n0b5olb.682f434a.mp3,False
tracks/avicii-_i_could_be_the_one_remix_contest,avicii-_i_could_be_the_one_remix_contest__avicii-_i_could_be_the_one_mix_down_remix,s3://lucas-audiotool-tracks/mp3/f0/d9/avicii-_i_could_be_the_one_remix_contest.f0d9147d.mp3,https://lucas-audiotool-tracks.s3.amazonaws.com/mp3/f0/d9/avicii-_i_could_be_the_one_remix_contest.f0d9147d.mp3,True
tracks/avicii-_i_could_be_the_one_mix_down_remix,avicii-_i_could_be_the_one_remix_contest__avicii-_i_could_be_the_one_mix_down_remix,s3://lucas-audiotool-tracks/mp3/c2/2d/avicii-_i_could_be_the_one_mix_down_remix.c22d8469.mp3,https://lucas-audiotool-tracks.s3.amazonaws.com/mp3/c2/2d/avicii-_i_could_be_the_one_mix_down_remix.c22d8469.mp3,False
tracks/3xz4j5o6x,3xz4j5o6x__bl6jtggqfml,s3://lucas-audiotool-tracks/mp3/82/ab/3xz4j5o6x.82ab7e2e.mp3,https://lucas-audiotool-tracks.s3.amazonaws.com/mp3/82/ab/3xz4j5o6x.82ab7e2e.mp3,True
tracks/bl6jtggqfml,3xz4j5o6x__bl6jtggqfml,s3://lucas-audiotool-tracks/mp3/0e/35/bl6jtggqfml.0e3597c4.mp3,https://lucas-audiotool-tracks.s3.amazonaws.com/mp3/0e/35/bl6jtggqfml.0e3597c4.mp3,False
tracks/a2k4i0rju,a2k4i0rju__susuok49,s3://lucas-audiotool-tracks/mp3/f2/b4/a2k4i0rju.f2b493ac.mp3,https://lucas-audiotool-tracks.s3.amazonaws.com/mp3/f2/b4/a2k4i0rju.f2b493ac.mp3,True
tracks/susuok49,a2k4i0rju__susuok49,s3://lucas-audiotool-tracks/mp3/bc/13/susuok49.bc13087b.mp3,https://lucas-audiotool-tracks.s3.amazonaws.com/mp3/bc/13/susuok49.bc13087b.mp3,False
tracks/aq0g1hyck3is,aq0g1hyck3is__w894gssel1,s3://lucas-audiotool-tracks/mp3/b5/83/aq0g1hyck3is.b5830ec6.mp3,https://lucas-audiotool-tracks.s3.amazonaws.com/mp3/b5/83/aq0g1hyck3is.b5830ec6.mp3,True
tracks/w894gssel1,aq0g1hyck3is__w894gssel1,s3://lucas-audiotool-tracks/mp3/b8/17/w894gssel1.b817de08.mp3,https://lucas-audiotool-tracks.s3.amazonaws.com/mp3/b8/17/w894gssel1.b817de08.mp3,False
tracks/aiden_remix_competition,aiden_remix_competition__aiden_fizerien_remix,s3://lucas-audiotool-tracks/mp3/ea/ab/aiden_remix_competition.eaaba430.mp3,https://lucas-audiotool-tracks.s3.amazonaws.com/mp3/ea/ab/aiden_remix_competition.eaaba430.mp3,True
tracks/aiden_fizerien_remix,aiden_remix_competition__aiden_fizerien_remix,s3://lucas-audiotool-tracks/mp3/fa/6b/aiden_fizerien_remix.fa6bca0f.mp3,https://lucas-audiotool-tracks.s3.amazonaws.com/mp3/fa/6b/aiden_fizerien_remix.fa6bca0f.mp3,False
tracks/arpeggio_2,arpeggio_2__arpeggio_2-j4olwtfov,s3://lucas-audiotool-tracks/mp3/e7/82/arpeggio_2.e782134d.mp3,https://lucas-audiotool-tracks.s3.amazonaws.com/mp3/e7/82/arpeggio_2.e782134d.mp3,True
tracks/arpeggio_2-j4olwtfov,arpeggio_2__arpeggio_2-j4olwtfov,s3://lucas-audiotool-tracks/mp3/03/0d/arpeggio_2-j4olwtfov.030d93b4.mp3,https://lucas-audiotool-tracks.s3.amazonaws.com/mp3/03/0d/arpeggio_2-j4olwtfov.030d93b4.mp3,False
tracks/7lbr2nzs3d,7lbr2nzs3d__7fg0xhhx,s3://lucas-audiotool-tracks/mp3/30/1e/7lbr2nzs3d.301e34dc.mp3,https://lucas-audiotool-tracks.s3.amazonaws.com/mp3/30/1e/7lbr2nzs3d.301e34dc.mp3,True
tracks/7fg0xhhx,7lbr2nzs3d__7fg0xhhx,s3://lucas-audiotool-tracks/mp3/7a/66/7fg0xhhx.7a6657bb.mp3,https://lucas-audiotool-tracks.s3.amazonaws.com/mp3/7a/66/7fg0xhhx.7a6657bb.mp3,False
tracks/detroit_rmx,detroit_rmx__intelligence-bqxnt,s3://lucas-audiotool-tracks/mp3/af/fb/detroit_rmx.affb4f75.mp3,https://lucas-audiotool-tracks.s3.amazonaws.com/mp3/af/fb/detroit_rmx.affb4f75.mp3,True
tracks/intelligence-bqxnt,detroit_rmx__intelligence-bqxnt,s3://lucas-audiotool-tracks/mp3/01/41/intelligence-bqxnt.0141eb73.mp3,https://lucas-audiotool-tracks.s3.amazonaws.com/mp3/01/41/intelligence-bqxnt.0141eb73.mp3,False
tracks/beyond_dreams,beyond_dreams__beyond_dreams_bd_edit,s3://lucas-audiotool-tracks/mp3/b6/fe/beyond_dreams.b6fe4c50.mp3,https://lucas-audiotool-tracks.s3.amazonaws.com/mp3/b6/fe/beyond_dreams.b6fe4c50.mp3,True
tracks/beyond_dreams_bd_edit,beyond_dreams__beyond_dreams_bd_edit,s3://lucas-audiotool-tracks/mp3/70/d8/beyond_dreams_bd_edit.70d821df.mp3,https://lucas-audiotool-tracks.s3.amazonaws.com/mp3/70/d8/beyond_dreams_bd_edit.70d821df.mp3,False
tracks/951nrjm52cl2,951nrjm52cl2__iklpk0kyujdj,s3://lucas-audiotool-tracks/mp3/ed/cd/951nrjm52cl2.edcd8353.mp3,https://lucas-audiotool-tracks.s3.amazonaws.com/mp3/ed/cd/951nrjm52cl2.edcd8353.mp3,True
tracks/iklpk0kyujdj,951nrjm52cl2__iklpk0kyujdj,s3://lucas-audiotool-tracks/mp3/e4/71/iklpk0kyujdj.e47136fe.mp3,https://lucas-audiotool-tracks.s3.amazonaws.com/mp3/e4/71/iklpk0kyujdj.e47136fe.mp3,False
tracks/cd7gqx3m,cd7gqx3m__pyv048sjd4y,s3://lucas-audiotool-tracks/mp3/0d/0f/cd7gqx3m.0d0ff7e2.mp3,https://lucas-audiotool-tracks.s3.amazonaws.com/mp3/0d/0f/cd7gqx3m.0d0ff7e2.mp3,True
tracks/pyv048sjd4y,cd7gqx3m__pyv048sjd4y,s3://lucas-audiotool-tracks/mp3/88/90/pyv048sjd4y.88909959.mp3,https://lucas-audiotool-tracks.s3.amazonaws.com/mp3/88/90/pyv048sjd4y.88909959.mp3,False
tracks/best_underrated_artist_challenge-egbcznwim,best_underrated_artist_challenge-egbcznwim__northside-h41dctzz,s3://lucas-audiotool-tracks/mp3/70/a1/best_underrated_artist_challenge-egbcznwim.70a1aecf.mp3,https://lucas-audiotool-tracks.s3.amazonaws.com/mp3/70/a1/best_underrated_artist_challenge-egbcznwim.70a1aecf.mp3,True
tracks/northside-h41dctzz,best_underrated_artist_challenge-egbcznwim__northside-h41dctzz,s3://lucas-audiotool-tracks/mp3/cf/a4/northside-h41dctzz.cfa462e7.mp3,https://lucas-audiotool-tracks.s3.amazonaws.com/mp3/cf/a4/northside-h41dctzz.cfa462e7.mp3,False
